序号,微博内容,是否原创,转发内容,发布时间,转发数,评论数,点赞数,设备源,微博ID
0,[带感]//@一句心情签名: 狗狗太聪明了，好有爱。,是,英国小狗拜伦在它未现身前，其身有残疾的主人已在家宅了18个月；它一“下凡”情况则大有改观。它会铺床、取牛奶，从自动提款机中取钱，甚至还懂得主人100多个指令。虽说拜伦不会舞文弄墨，但对主人而言，它的叫声也许是最动人的诗篇。0202@全球奇事趣闻02020267676767,2012-09-27 08:33,转发,评论,赞,专业版微博,https://weibo.com/2662564411/yDLSRfFpm
1,,是,【北京天气：穿起风衣 备战5-6级北风[风]】今天清晨，北京的气温较低，穿了外套出门仍觉得有些凉。预计白天阴有阵雨转多云，傍晚前后将刮起五六级北风，最高气温23℃；夜间多云转晴，五六级大风持续，最低气温只有12℃。今天的主题是：防风，特别是从傍晚开始，风衣可以穿起来了。O网页链接 67676767,2012-09-27 08:28,转发,评论,赞,专业版微博,https://weibo.com/2662564411/yDLQK36gD
2,,是,一语道破人生：人生没有绝对的公平，而是相对公平。 在一个天平上，你得到越多，势必要承受更多，每一个看似低的起点，都是通往更高峰的必经之路。让自己心情更平和一点，更豁达一点，对身边的过错淡然，让自己更宽容一点，乐观，阳光，幸福不是得到的多，而是要求的少，计较的少。 67676767,2012-09-26 14:29,转发,评论,赞,微博 weibo.com,https://weibo.com/2662564411/yDEMMpsWe
3,[带感],是,香山植物园菊花展 我在:O网页链接 67676767,2012-09-26 10:46,转发,评论,赞,微博 weibo.com,https://weibo.com/2662564411/yDDkmkx7W
4,好人,是,,2012-09-26 08:54,转发,评论,赞,微博 weibo.com,https://weibo.com/2662564411/yDCB1BpBg
5,,是,【中国首艘航母舰长、政委亮相】25日上午，我国第一艘航空母舰“辽宁舰”正式交付海军。已任命海军大校张峥（左）任中国首艘航母舰长，他曾担任护卫舰、驱逐舰舰长。梅文（右）任政治委员。他们都是从基层岗位成长起来的优秀军官，有着丰富的舰艇工作经历。（图片自新华社） 67676767,2012-09-25 17:55,1,评论,赞,政府版微博,https://weibo.com/2662564411/yDwIg8Qzn
6,,是,"【秋雨绵绵 下班带伞】25日17时北京气象信息：下班时天空飘着绵绵细雨，出门带伞，注意安全。夜间小雨转多云，南转北风二三级，最低气温14℃，秋雨秋风带来秋凉，明早外出添衣裳。明天白天多云间晴, 北转南风二三级，最高气温 26℃，空气清新，体感舒适，适宜户外健身、登山、出行。 67676767",2012-09-25 17:45,1,评论,赞,微博 weibo.com,https://weibo.com/2662564411/yDwDX1zFP
7,,是,文化委来电，真的要给燕园配流动电影放映车了@燕园街道燕北园社区 @燕园北大校内社区 @燕园承泽园社区 @燕园蔚秀园社区 @燕园燕东园社区 @燕园中关园社区 @燕园畅春园社区 67676767,2012-09-25 17:40,转发,评论,赞,微博 weibo.com,https://weibo.com/2662564411/yDwC1l9Us
8,[拍手],是,【祝福祖国】9月22日，直径达11米、约两层楼高的天安门广场国庆主花坛从组装地正阳门移至天安门广场北侧中心，安放在“祝福祖国”的基座上。 67676767,2012-09-24 11:28,转发,评论,赞,微博 weibo.com,https://weibo.com/2662564411/yDkKyaXBA
9,[群体围观][右边亮了]区残联为老年人出入方便，在园区每个楼门洞旁安装了扶手栏杆。 67676767,否,,2012-09-24 11:20,转发,评论,赞,专业版微博,https://weibo.com/2662564411/yDkHk8H9H
10,为方便社区居民订阅明年报刊，颐和园邮局于2012年9月22日进社区服务 67676767,否,,2012-09-24 10:56,转发,评论,赞,专业版微博,https://weibo.com/2662564411/yDkxwA3Pc
11,,是,【北京天气：今天凉爽舒适 明儿有阵雨】今早你穿什么出门？穿短袖的就有点彪悍了。北京今天白天多云间晴，最高气温26℃，感觉比较舒适；夜间多云转阴，最低气温17℃，早晚还是有点儿凉，最好还是穿上长袖，以防感冒。明天北京会有阵雨，气温也会略降，14-23℃。O网页链接 67676767,2012-09-24 08:44,转发,评论,赞,专业版微博,https://weibo.com/2662564411/yDjFNeE4r
12,[玫瑰]//@微相册: 老爷爷104岁，婆婆100岁，结婚81年相濡以沫，却从未有过一张照片！当为婆婆穿上婚纱后，爷爷嘴里不停的说着老伴乖、漂亮。婆婆穿着婚纱，哭了...... 更多图片欣赏O网页链接,是,老爷爷104岁，婆婆100岁，结婚81年相濡以沫，却从未有过一张照片！当为婆婆穿上婚纱后，爷爷嘴里不停的说着老伴乖、漂亮。婆婆穿着婚纱，哭了...    [来自 #爱情 精选：O网页链接 ] 67676767,2012-09-23 22:27,转发,评论,赞,专业版微博,https://weibo.com/2662564411/yDfDvaxoA
13,,是,,2012-09-23 22:23,转发,评论,赞,微博 weibo.com,https://weibo.com/2662564411/yDfBK6Xdx
14,,是,人生一世，总有个追求，有个盼望，有个让自己珍视，让自己向往，让自己护卫，愿意为之活一遭，乃至愿意为之献身的东西，这就是价值了。 ――王蒙(图片分享自@v塔塔 的微相册O网页链接 )更多图片欣赏O网页链接 67676767,2012-09-23 21:32,转发,评论,赞,专业版微博,https://weibo.com/2662564411/yDfh3F80D
15,[右边亮了]早晚户外要加衣 防秋燥保健康,是,【早晚户外要加衣 防秋燥保健康】23日17时北京气象信息：傍晚北部山区有阵雨，夜间晴间多云，最低气温16℃，人体感觉略凉，户外活动最好穿长袖衫。明天白天以晴为主，傍晚转多云，最高气温略降为26℃，大部分时间紫外线照射强，在户外要注意防晒。防秋燥，多吃一些润燥食物，和补充水分。 67676767,2012-09-23 17:59,转发,评论,赞,微博 weibo.com,https://weibo.com/2662564411/yDdSK1oB6
16,//@文明北京: #绿色家园##文明出行秀达人#上世纪五六十年代，有辆自行车那可以称为“豪车”，而如今自行车已成为践行绿色低碳生活的好工具 骑着自行车结婚 低碳又拉风,是,,2012-09-23 10:52,转发,评论,赞,专业版微博,https://weibo.com/2662564411/yDb5rCSkN
17,[带感],是,,2012-09-23 10:51,转发,评论,赞,专业版微博,https://weibo.com/2662564411/yDb4Q78es
18,,是,"对 @北京消防 说:9月22日12点许，顺义马坡佳和宜园小区一楼下,一男孩手指被电动三轮车链条牢牢咬住，消防员用剪切钳不到1分钟时间就将链条剪断，救出男孩。消防部门提示家长们：一定看好孩子，尤其是淘气的男孩，在您不注意的情况下，会好奇的把头、手指、脚伸进狭小空隙内，容易造成危险事故发生。 67676767",2012-09-22 19:00,转发,评论,赞,政府版微博,https://weibo.com/2662564411/yD4QS12zM
19,,是,免费打电话的软件不少，不过很多不是要钱就是不好用。这个爱聊真心是其中做得很好的。iPod和iPad也都能用，瞬间变身iPhone。可以免费打电话发短信，而且对方不需要装这个软件。不仅支持打到任何手机，还支持打到固定电话。全免费。支持WiFi。【苹果】O网页链接 【安卓】O无法找到该页 67676767,2012-09-22 18:57,转发,评论,赞,微博 weibo.com,https://weibo.com/2662564411/yD4PCxMVn
20,//@平安北京: 写给未来：想让交通秩序变好，单靠严格执法还远远不够。作为一线交警，我们就得要给老百姓创造一个能让大家严格守法的环境，解决他们的实际困难。在这之后，就一定要一丝不苟的执法，真正维护法律的尊严――黄希章,是,"#身边最美警察#【今日出镜：黄希章】上午8点,东单交通大队大队长黄希章站到了协和医院正门外,疏导过往车辆。东单交通大队辖区7.92平方公里范围内,如今最大的问题就是三家大医院门外的停车难,如果他设计的""无忧停车网""能够推广开,相信会让辖区里的交通状况有次质的飞跃。详情请见O网页链接 67676767",2012-09-22 16:40,1,评论,赞,专业版微博,https://weibo.com/2662564411/yD3WicJr6
21,[右边亮了] 今日秋分,是,【今日秋分】今天过后，就要进入夜长昼短的日子了。秋分是农历二十四节气中的第十六个节气，农谚说：“一场秋雨一场寒”，“白露秋分夜，一夜冷一夜”。“八月雁门开，雁儿脚下带霜来”，东北地区降温早的年分，秋分见霜已不足为奇。北半球一般自秋分起气温逐日下降，一天比一天冷。图片来自于网络。 67676767,2012-09-22 15:43,转发,评论,赞,媒体版微博,https://weibo.com/2662564411/yD3z9yUvr
22,感人,是,,2012-09-22 08:38,转发,评论,赞,微博 weibo.com,https://weibo.com/2662564411/yD0MtkwFc
23,[带感],是,"#防范提示#【“双节”出行家中防盗“四妙计”】随着中秋、国庆的临近，很多童鞋计划利用假期外出游玩或走亲访友。但是，犯罪分子往往会利用家中无人的机会，伺机入室盗窃。为了让童鞋们过一个愉快、健康、祥和的""双节""，警察薯黍给你说说出行期间怎样做好家中的安全防范工作。@人民网 @平安中原 67676767",2012-09-21 17:59,转发,评论,赞,微博 weibo.com,https://weibo.com/2662564411/yCV1Ja7PN
24,,是,明天是秋分节气，受冷空气影响，每年我国秋季的疆域通常都会在秋分节气里达到最广泛时期。今明两天，一股冷空气再次袭击华北、东北，带来降雨降温，使得东北、华北一带秋天的味道会更加浓郁。秋分除了昼夜均而寒暑平外，还有一个显著的特点，就是世界各地，日出都在正东方，日落都在正西方。 67676767,2012-09-21 16:20,转发,3,赞,微博 weibo.com,https://weibo.com/2662564411/yCUnkxGZa
25,[带感],是,【北京动物园白熊馆“十一”开放，4只北极熊回家度中秋】“十一”期间，北京动物园的白熊馆将于正式对游客开放，到时候大家可能有机会看到美美、乐乐、平平、安安这4只可爱的北极熊。它们已阔别北京两年，如今“远游”回来正准备搬入新家。据了解，在新白熊馆里游客站在玻璃墙前近距离观看北极熊。 67676767,2012-09-21 14:48,转发,评论,赞,微博 weibo.com,https://weibo.com/2662564411/yCTMcExOm
26,[最右] #火灾逃生切勿盲目跳楼#,是,【火灾逃生切勿盲目跳楼】在我国每年的火灾事故中，有相当部分人死伤的直接原因就是盲目跳楼。实验证明，当所在的地方高于7米时就不建议采用跳楼的方式进行逃生了。发生火灾时要先判明火灾情况，掌握正确的逃生方法，盲目采取跳楼、跳窗等逃生方式极有可能导致受伤甚至死亡，并将自行承担大部分责任。 67676767,2012-09-21 14:38,转发,评论,赞,政府版微博,https://weibo.com/2662564411/yCTIf8bO7
27,,是,【天空逐渐转阴沉 下午京城现阵雨】21日11时北京气象信息：午后天空云层逐渐增厚，下午到前半夜有阵雨，大部分地区雨量预计在3~5毫米左右，白天最高气温25℃。今天是周末，晚高峰又有降雨，请大家提前做好出行安排，雨量虽然不大，但外出仍要注意安全。后半夜降雨结束转为阴天，最低气温15℃。 67676767,2012-09-21 14:19,转发,评论,赞,微博 weibo.com,https://weibo.com/2662564411/yCTAul2so
28,//@实用小百科: 太有爱了！,是,,2012-09-20 16:50,转发,评论,赞,专业版微博,https://weibo.com/2662564411/yCL9345hQ
29,[给劲]//@文明北京: 社会发展少不了“道德”这股正能量,是,#公民道德日#【道德“正能量”】康德说，在这个世界上有两样东西值得仰望终生：一是我们头顶上的灿烂星空，一是人们心中的道德律令。品德高尚的人，受人敬仰；文明和谐的社会，让人向往。时代进步离不开道德风尚的引领，社会发展少不了道德这股“正能量”。O网页链接 67676767,2012-09-20 16:25,转发,评论,赞,专业版微博,https://weibo.com/2662564411/yCKZ8qGen
30,,是,人生，就是一次长途旅行。而我们，就在这漫长的旅途中成长！年龄越大，光阴流逝的越快，我们更加懂得珍惜剩余的时光。回头遥望，早已不见来时的路。但我们依然在路上，奔向已知的终点。 67676767,2012-09-20 15:33,转发,评论,赞,专业版微博,https://weibo.com/2662564411/yCKDYa9XJ
31,[右边亮了]0202//@北京消防:大家一定要去正规的商家去买电源开关，劣质的电源开关很容易引发火灾事故！,是,【电源开关也冒牌】9月11日，广州越秀警方诗书派出所民警发现光塔路某出租屋有销售假冒商标商品的嫌疑，于是上门检查，当场查获一批假冒某品牌的注册商标的开关电器设备，抓获犯罪嫌疑人3人，搜出一批销售该假冒商品的出货单以及假冒某品牌的开关7294个。 犯罪嫌疑人陈某等已被警方依法刑事拘留。020267676767,2012-09-20 14:51,转发,评论,赞,政府版微博,https://weibo.com/2662564411/yCKmWDoEG
32,,是,首都文明办与市交通委和市公安交通管理局，邀请首都文明办副主任韩龙彬和市交通委、市公安交通管理局有关部门负责人，围绕“畅通北京绿色出行月”系列活动安排、倡导绿色出行理念、增强文明交通意识、缓解首都交通拥堵等进行微访谈@文明北京@交通北京@平安北京 将全程直播 O网页链接 67676767,2012-09-20 14:28,转发,评论,赞,微博 weibo.com,https://weibo.com/2662564411/yCKdocnBC
33,//@北京消防:大家一定要去正规的商家去买电源开关，劣质的电源开关很容易引发火灾事故！,是,【电源开关也冒牌】9月11日，广州越秀警方诗书派出所民警发现光塔路某出租屋有销售假冒商标商品的嫌疑，于是上门检查，当场查获一批假冒某品牌的注册商标的开关电器设备，抓获犯罪嫌疑人3人，搜出一批销售该假冒商品的出货单以及假冒某品牌的开关7294个。 犯罪嫌疑人陈某等已被警方依法刑事拘留。020267676767,2012-09-20 08:51,转发,评论,赞,政府版微博,https://weibo.com/2662564411/yCI0V5vnO
34,//@平安北京: 假日出行当心“特价机票”骗局,是,#防范诈骗#9月10日，深圳罗湖的孙小姐为国庆旅游计划在网上购买“特价机票”，遭遇不法分子冒充客服人员以“转账未成功须测试账户余额”诈骗。提醒网友：临近国庆假期，需警惕虚假机票网站新型诈骗手法，尽量访问信誉良好的知名网站，不要因贪图超低价机票诱惑而落入骗子的圈套。O网页链接 67676767,2012-09-19 10:44,转发,评论,赞,专业版微博,https://weibo.com/2662564411/yCzkjvJx8
35,评论是一种风格，评论是一种能力，评论也可以很精彩。鉴于我“评论家”的地位，微博授予我【谈笑风生】勋章。O网页链接 67676767,否,,2012-09-19 09:56,转发,评论,赞,勋章馆,https://weibo.com/2662564411/yCz0H0e8L
36,,是,"【警惕：假冒“110”电话行骗】近日，有居民接到号码为""110""的电话，自称是公安机关，说该居民涉嫌刑案，要求存款汇入""指定账号""，方可免除牢狱之灾。警方提醒：110电话只能被呼叫，不能打出。via@衡山路交警 @警民直通车-上海 67676767",2012-09-19 08:57,转发,评论,赞,微博 weibo.com,https://weibo.com/2662564411/yCyCNo28Z
37,狗狗好幸福哦,是,,2012-09-19 08:48,转发,评论,赞,微博 weibo.com,https://weibo.com/2662564411/yCyz6EWl2
38,[带感],是,【北京天气：抬头看云，超美的[晴转多云]】又一个大好天气，今天北京复制前几日的秋高气爽，但云超级美的，大家不妨抬头看看！白天晴转多云，最高气温28℃，紫外线照射强。连续的晴朗也使得空气湿度较低，大家要注意多补水，以防秋燥上火。O网页链接图来自@沙加K @我叫BOBOWANG @陶陶Helen 67676767,2012-09-19 08:37,转发,评论,赞,微博 weibo.com,https://weibo.com/2662564411/yCyuFyiot
39,,是,【当出现以下六种征兆时，警示您的器官需要排毒啦】1.胃要排毒：舌苔发黄、口臭，很多人会感觉总也“吃不饱”。2.脾要排毒：面部长斑、白带增多。3.小肠要排毒：下巴出现痘痘。4.肾脏要排毒：面部或者身体水肿、疲倦感增加。5.心脏要排毒：溃疡长在舌头部位。6.肝要排毒：指甲上会有明显的信号。（转） 67676767,2012-09-18 18:05,转发,评论,赞,微博 weibo.com,https://weibo.com/2662564411/yCsMzFro3
40,,是,举区域之力聚万众之智共创全国文明城区畅通北京 绿色出行 文明交通 从我做起 67676767,2012-09-18 14:59,转发,评论,赞,专业版微博,https://weibo.com/2662564411/yCrzfqcFB
41,[群体围观],是,【数字】11：昨天上午10点40分左右，在海淀区画眉山路亮甲店村西侧，两辆512路公交车迎头相撞，事故造成11人受伤送医。受此影响，画眉山路双向封闭两个多小时。北京市公交集团表示，伤者费用将全部由公交集团负责。事故是由于一辆512路公交车为避路旁停放的施工车辆，结果和迎面而来的车撞上了。 67676767,2012-09-18 14:30,转发,评论,赞,微博 weibo.com,https://weibo.com/2662564411/yCrniBN7i
42,,是,【战史今日：九一八事变】1931年9月18日，日军在柳条湖制造假现场后，向北大营发起进攻，拉开了“九一八”事变的序幕。我大好东北三省短短数月沦丧敌手。81年后的今天，中国非当年之中国，世界亦非当年之世界。但九一八国耻不能忘！“不抵抗”政策之屈辱不能忘！望各位同胞牢记国耻，兴我中华！(高凯) 67676767,2012-09-18 11:28,1,评论,赞,微博 weibo.com,https://weibo.com/2662564411/yCqbnyJVT
43,[右边亮了]#单身联谊会通知# 燕北园联谊会决定9月19日（本周三）上午九点在燕北园南门集合，一起到海淀公园游览、座谈等开展小组活动。请单身全体成员相互转告并积极参加，大家一定带上老年优待证，准时到场，过时不候，谢谢配合！[玫瑰] 67676767,否,,2012-09-18 10:38,1,评论,赞,专业版微博,https://weibo.com/2662564411/yCpRbyOzN
44,我园区居民在多伦多发回的华人抗议日本侵占钓鱼岛游行照片，表达自已的爱国热情！！！ 67676767,否,,2012-09-18 10:31,2,评论,赞,专业版微博,https://weibo.com/2662564411/yCpOhAXIv
45,理性爱国！勿忘国耻！,是,【我国多地今日将鸣警报纪念九一八事变】今天是九一八事变纪念日，多地将通过拉响防空警报等方式开展纪念。日本执意“购买”钓鱼岛，让今年九一八纪念日意义更加凸显。在九一八事变发生地沈阳，九一八历史博物馆将适时推出钓鱼岛史实展览，让更多的人知道钓鱼岛的历史渊源。O网页链接中新网 67676767,2012-09-18 08:41,转发,评论,赞,专业版微博,https://weibo.com/2662564411/yCp5Sc3s8
46,,是,今天白天晴间多云，北转南风二三级，最高气温29℃。今天夜间晴转多云，南转北风一二级，最低气温16℃。多吃果蔬防秋燥，午间外出需防晒。020267676767,2012-09-18 08:29,转发,评论,赞,专业版微博,https://weibo.com/2662564411/yCp0Z27fK
47,[右边亮了]在爱的世界里，没有谁对不起谁，只有谁不懂得珍惜谁！ 67676767,否,,2012-09-17 17:31,转发,评论,赞,专业版微博,https://weibo.com/2662564411/yCj8guUah
48,,是,"#旅游消费提示#""两节""黄金周即将到来，市消协发布旅游消费提示，建议游客如遇购物陷阱或被强迫购物时，最好用摄像机、照相机将过程拍摄下来留存证据。旅行社擅自变更取消景点、景区购物以假充真者甚多，非法旅行社、黑导游拉客强行多收费，是经常被集中投诉的问题。北京市消费者协会电话：96315 67676767",2012-09-17 10:52,转发,评论,赞,专业版微博,https://weibo.com/2662564411/yCgwrD8xN
49,健康常识，值得学习！！！,是,,2012-09-17 08:49,转发,评论,赞,专业版微博,https://weibo.com/2662564411/yCfIml8hF
50,注意增减衣服！！！,是,【北京天气：午间防晒早晚保暖】最近几天，北京都将是以晴为主的好天气，最高气温在29℃上下，中午前后紫外线照射强烈，需注意防晒。早晚温度仅15℃上下，外出需注意增加衣物。另外，早晨和傍晚阳光刺眼，驾车出行需注意行车安全。O网页链接 67676767,2012-09-17 08:40,转发,评论,赞,专业版微博,https://weibo.com/2662564411/yCfEGdOVX
51,//@海淀公安分局:转发微博。,是,今日，部分群众自发地来到日本驻华大使馆门前，挥舞国旗，呼喊口号，表达自己的爱国热情，强烈谴责日本欲“购买”钓鱼岛这一非法行径。在表达爱国热情过程中，大家都保持了理性的态度，配合现场民警引导，现场秩序井然。在此，北京警方感谢大家的配合，谢谢大家！ 67676767,2012-09-16 21:28,转发,评论,赞,政府版微博,https://weibo.com/2662564411/yCbg17und
52,理性！！！,是,石家庄人民组织的很好，秩序给力！绝对理性！请大家要Hold 住！！！！ 67676767,2012-09-16 21:17,转发,评论,赞,微博 weibo.com,https://weibo.com/2662564411/yCbbNjqZD
53,,是,【2050年 中国每3人就有1人超60岁】 武汉首届人口文化节的专家论坛上，南开大学老龄发展战略研究中心主任原新说，到2050年，中国将成为世界上最“老”的国家。空巢家庭不可避免，完善社保迫在眉睫。他建议，独生子女的父母们不妨多发展个人兴趣爱好，学会享受空巢生活。武汉晚报O网页链接 67676767,2012-09-16 20:47,转发,评论,赞,微博 weibo.com,https://weibo.com/2662564411/yCaZfxMtT
54,[带感],是,【世界公认最顶级抗衰老食物】1.鲫鱼、金枪鱼等鱼肉；2.西兰花；3.冬瓜；4.洋葱；5.豆腐；6.圆白菜；7.苹果；8.胡萝卜；9.牛奶；10.矿泉水；11.贝类含有维生素B12；12.西红柿；13.菠菜；14.橙子；15.麦芽；16.草莓；17.大豆；18.酸奶；19.香菜；20.巧克力；21.马铃薯；22.蘑菇23.鸡蛋；24.核桃。 67676767,2012-09-16 20:40,转发,评论,赞,微博 weibo.com,https://weibo.com/2662564411/yCaWykwl8
55,//@北京孝为先-郑志刚:,是,#母子情深#63岁儿子跪下为89岁母亲掏耳朵，照顾患病妈妈 退休儿子当“全职保姆”，每天九点推89岁母亲到四川大学华西医学院的荷花池透气，转悠2小时，13时伺候母亲午睡，16时，伺候母亲吃药，要厚带母亲转悠一小时，平凡人的孝心更值得大家学习！ 67676767,2012-09-16 13:07,1,评论,赞,微博 weibo.com,https://weibo.com/2662564411/yC7YQ0jbu
56,//@实用小百科: 这个必须转！,是,如果开通了银行卡的提醒短信，若遇到了异地盗刷情况，请立即到附近柜员机或者银行取100元，或是到附近能刷卡的地方随便刷一笔，这样就可证实目前卡在你自己手上，然后再去报警。这样报警就有证据了，如果要打官司的话也需要这样的证据，银行就无法推卸责任了。大家帮忙转发，人多力量大！！ 67676767,2012-09-16 13:06,转发,评论,赞,专业版微博,https://weibo.com/2662564411/yC7YpEU4Y
57,2012年9月13日上午，中关园社区市民学校.燕园街道司法所邀请王智远律师，为居干、巡防队员、保安队员、社区居民讲解婚姻法、财产纠纷法等，并解答所提出的问题。大家从中学到了怎样保护自己的合法权益！ 67676767,否,,2012-09-14 16:13,转发,1,赞,专业版微博,https://weibo.com/2662564411/yBQlgrKWH
58,//@平安北京: 加强防范，让贼王无处下手！,是,你知道“贼王”喜欢光顾哪些人么？请看园区@娄葑派出所 的“贼王”自白书。偶们不要做“贼王”眼中的他（她）@苏州公安 @常熟公安 @南京市公安局白下分局 @常熟颜港派出所 @平安辽宁 @安徽公安在线 67676767,2012-09-14 15:44,转发,评论,赞,专业版微博,https://weibo.com/2662564411/yBQ9uAdfV
59,珍惜一切！,是,,2012-09-12 21:29,转发,评论,赞,微博 weibo.com,https://weibo.com/2662564411/yBzynhclh
60,[黑板]2012年9月10日上午，在园区文化活动中心举办“欢度教师节”活动。[给劲]民乐队由纪世友、刘雪林等老师演奏了“喜洋洋”“幸福年”等。[拍手]唐世敏老师演奏了二胡“沂蒙山小调”和吹箫“但愿人长久”等等。 67676767,否,,2012-09-12 18:35,转发,评论,1,专业版微博,https://weibo.com/2662564411/yByq27L4n
61,[真V5],是,【给好样的警察来点掌声】5处刀伤、1把匕首、1名犯罪嫌疑人。9月11日上午，徐汇凌云派出所民警小王在抓捕毒贩过程中，面对仓皇逃窜、挥舞匕首的歹徒，奋勇上前，在手指等多处被刺伤的情况下，仍用其血流不止的手给犯罪嫌疑人带上了手铐。无论您感动与否，此刻，请给勇士一个掌声。@警民直通车-徐汇站 67676767,2012-09-12 14:44,转发,评论,赞,专业版微博,https://weibo.com/2662564411/yBwU56r2n
62,,是,,2012-09-12 14:42,转发,评论,赞,专业版微博,https://weibo.com/2662564411/yBwTaCJr1
63,,是,【北京天气：雨过天晴 气温下降】今早出门，心情格外晴朗！雨水洗去阴霾，蓝天白云，阳光刺眼[阳光]（准备开车出门的朋友，戴上墨镜吧，好晃眼啊）。冷空气主体杀到，今天有4-5级的北风，最低气温14℃，明天12℃，长袖果断穿上。接下来，连续晴天，周五气温回升。O网页链接图片来自@W平王 67676767,2012-09-12 08:56,转发,评论,赞,专业版微博,https://weibo.com/2662564411/yBuCRml1z
64,,是,#每日心语# 每天清晨醒来后第一个念想就是告诉自己今天要快乐，这样一辈子也就快乐了。忘却一切烦恼，开心度过每一天。每件事最后都会是好事，如果不是好事， 说明还没到最后。人生苦短，不必遗憾，若是美好，叫做精彩，若是糟糕，叫做经历。 67676767,2012-09-12 08:51,转发,评论,赞,专业版微博,https://weibo.com/2662564411/yBuAYCby9
65,,是,"【“立秋”了,立秋后人的肺气逐渐强壮。】为避免肺火上升，立秋后要少食用辛辣的食物，少吃葱、姜等，以免咳嗽、喘。可适当食用酸味的水果和蔬菜，如橘子、柠檬、猕猴桃和番茄等。还可进食些具有润肺生津、养阴清燥作用的食物，如藕、百合、板栗、红枣、银耳、山药、荸荠等。 67676767",2012-09-11 15:33,转发,评论,赞,微博 weibo.com,https://weibo.com/2662564411/yBnNv5CHs
66,//@实用小百科: 心情不好时，闭上眼，告诉自己， 这是幻觉。,是,心情不好时，闭上眼，告诉自己，这是幻觉。 67676767,2012-09-11 15:24,转发,评论,赞,专业版微博,https://weibo.com/2662564411/yBnJQ9D3j
67,今天是第28个教师节！祝：所有的教师们开心、健康！^_^教师节快乐哦![黑板][玫瑰] 67676767,否,,2012-09-10 22:25,转发,评论,赞,专业版微博,https://weibo.com/2662564411/yBh4dhLt8
68,大家注意！最近出现一种新骗术！小心上当！！！,是,【假扮快递送包裹 一旦签收就逼你交钱】最近出现一种新骗术：有人自称快递公司，由于天气潮湿看不清地址、姓名，请你提供，然后上门送包裹（假烟或假酒），你一旦签收就会接到电话：快递你已收，必须给钱，一般索要数万元。如果不给，便会上门要债。在签收快递时请务必提高警惕。via@上海经侦ECID020267676767,2012-09-10 22:19,转发,评论,赞,微博 weibo.com,https://weibo.com/2662564411/yBh1Cfhxr
69,燕北园居民注意啦！请大家及时关注天气预报，随时增减衣服！,是,【北京必须穿秋裤】冷空气来了，秋雨已经下了2场了，所谓“一场秋雨一场寒、三场秋雨不穿单、十场秋雨一层棉”，这次冷空气来袭，周二将出现降雨，这就第三场了，最要命的是，从周四早晨起一直到周日早晨，北京最低气温均不足15℃！周五早晨最低，12℃！北京彻底冷却了，秋裤，你穿不穿吧[挖鼻屎]。 67676767,2012-09-10 22:10,1,1,赞,微博 weibo.com,https://weibo.com/2662564411/yBgYbbKG1
70,祝：所有的教师们节日快乐！[玫瑰],是,【教师节】“人民教师光荣，是因为他们需要有崇高的献身精神。教师的岗位，就是奉献的岗位；教师的职业，就是献身的职业。”－－1985年9月10日人民日报社论。向全天下所有教师，特别承担着6600万农村中小学生教育任务的800万乡村教师致以崇高的敬意，祝您们“教师节快乐”！[花] 67676767,2012-09-10 21:51,转发,评论,赞,微博 weibo.com,https://weibo.com/2662564411/yBgQdq4bP
71,垃圾减量，保护环境！,是,#海淀垃圾分类#垃圾减量――不买不需要的商品，尽量节约使用。购买简易包装、环保包装或无包装的商品。不为追求面子而人为制造更多的垃圾。一次性产品，一次方便，永久污染，减少一次性消费才是时尚达人。@中国垃圾论坛 @信用卡董峥 @新加坡Shangrila-Herb @垃圾分类指引 67676767,2012-09-10 15:33,转发,评论,赞,微博 weibo.com,https://weibo.com/2662564411/yBemTaN7h
72,,是,,2012-09-08 18:24,转发,评论,赞,微博 weibo.com,https://weibo.com/2662564411/yAWDoAp6J
73,[带感]0202//@首都健康://@曾晓M: 秋风起，瓜果香，田野丰收正在忙，酷暑消退天渐凉。多添衣，保健康，三餐仔细记心上，欢乐多多，喜气洋洋！,是,#北京小雨秋意浓# 白露又凝霜，天寒渐生凉。大地起苍黄，季节轮回忙。花谢风飞扬，劝君添衣裳。天天都快乐，人人享健康！现在北京早晚和中午温差大，老人和小朋友们“秋冻”要适度，注意添衣服，以防感冒。这两天又下雨了，您要特别的注意。@首都健康 @新浪健康 67676767,2012-09-08 18:15,转发,评论,赞,政府版微博,https://weibo.com/2662564411/yAWzSeZDO
74,,是,"#健康话题#【秋季预防消化系统疾病】秋季胃肠疾病多发的原因一是在秋凉的刺激下,胃肠会发生痉挛性收缩,人体的消化功能逐渐下降,胃肠道抗病能力减弱。专家提醒,秋季预防胃肠疾病,要注意胃部保暖,适时增添衣服，夜间入睡注意保暖；饮食上应以温、软、淡、素、鲜为宜,少食辛辣、油腻的食物…… 67676767",2012-09-08 18:14,转发,评论,赞,政府版微博,https://weibo.com/2662564411/yAWzitlhv
75,,是,,2012-09-08 17:59,转发,评论,赞,微博 weibo.com,https://weibo.com/2662564411/yAWt917In
76,伟大的母亲！,是,【母爱无言】母亲97岁，床上躺着60岁的瘫痪儿子，严重驼背的她每天这样照顾儿子已经19年。此事发生在安徽亳州，母亲叫许张氏。如果你被感动，请默默转发为老人祈福!~~ via全球奇事趣闻 67676767,2012-09-08 10:43,转发,评论,赞,专业版微博,https://weibo.com/2662564411/yATC7fsuA
77,好可爱的太阳//@实用小百科: 送你一个小太阳，转走它，愿你的世界永远是晴天。。,是,,2012-09-08 10:40,转发,评论,赞,专业版微博,https://weibo.com/2662564411/yATBaqJey
78,总理您辛苦！,是,【云南地震已80人遇难】总理今日凌晨抵达云南彝良县，前往受灾较重的毛坪村察看灾情，到医院、广场看望受伤受灾民众。4时30分左右，总理在位于角奎镇半山腰的抗震救灾指挥部召开现场会，部署救灾。地震已造成80人死亡，795人受伤。O网页链接图@秦晴的碳足迹 67676767,2012-09-08 08:30,转发,评论,赞,专业版微博,https://weibo.com/2662564411/yASKqx5Nm
79,好美哦！//@微刊: 美丽的日出！早安！,是,给你――那些最美丽的日出 早安~ 来自@微刊摄影 O网页链接020267676767,2012-09-08 08:23,转发,评论,赞,专业版微博,https://weibo.com/2662564411/yASHtkiDC
80,大家注意！//@平安北京: 希望大家能转告家中的老人，不要上当受骗。,是,今天又接到新型诈骗，骗子又冒充歌华有线工作人员，说事主身份证被别人冒用申请了有线电视，并称与某公安局联系。请大家帮助宣传，共同防范！ 67676767,2012-09-07 16:51,转发,评论,赞,专业版微博,https://weibo.com/2662564411/yAMB0zOc4
81,我刚换了“大展宏图”模板 67676767,否,,2012-09-07 16:29,转发,评论,赞,专业版微博,https://weibo.com/2662564411/yAMsgn7aJ
82,我刚换了“默认”模板 67676767,否,,2012-09-07 16:23,转发,评论,赞,专业版微博,https://weibo.com/2662564411/yAMpQgi1A
83,我刚换了“炫蓝”模板 67676767,否,,2012-09-07 16:19,转发,评论,赞,专业版微博,https://weibo.com/2662564411/yAMoemNTi
84,北大校工会组织：2012北大医院“健康燕园行”科普讲座！定期体检，早防早治，健康常在。 67676767,否,,2012-09-06 15:38,转发,评论,赞,微博 weibo.com,https://weibo.com/2662564411/yACH9vMe2
85,[xb喇叭] 天干物燥~小心烟头~,是,秋天来，大风起。[风]平日里一个未灭的烟头，在大风的作用下可能引起意想不到的灾难。[bed凌乱]请大家不论是在路上还是在车里，无论是谁留下的，不要留情的“灭了它”！[bobo抓狂]在此特别提醒所有吸烟的同学，吸烟时请注意禁烟标识，吸完烟一定要掐灭烟头！[挖鼻屎] （下图源于网络） 67676767,2012-09-06 14:15,1,评论,赞,政府版微博,https://weibo.com/2662564411/yAC9a5HRp
86,转发微博,是,【懒的代价】1.懒得动弹导致过度肥胖；2.懒得吃早餐易患胆结石；3.懒得刷牙增加肺炎风险；4.懒得洗手易被感染肠炎；5.懒得收拾屋子致使霉菌过敏；6.懒得上厕所憋出膀胱癌变；7.懒得洗澡减低皮肤代谢；8.懒得动脑易患老年痴呆；9.懒得去医院加快病情恶化；10.懒的转发...... 67676767,2012-09-06 10:38,转发,评论,赞,微博 weibo.com,https://weibo.com/2662564411/yAAJ3Bmdt
87,分享图片#请欣赏我园赵老师手工编织物# 67676767,否,,2012-09-06 10:32,转发,评论,赞,微博 weibo.com,https://weibo.com/2662564411/yAAGPBvj6
88,爱护环境人人有责[带感],是,【本月20日起全城大扫除】本月20号到27号，为了迎接即将到来的国庆节，全市将开展环境卫生大扫除。与以往不同，本次大扫除将地下通道、背街小巷等平时不起眼的“角落”纳入重点区域。另外天安门广场会进行24小时环卫作业，确保节前能露出广场条石地面本色。干干净净迎国庆，到时我们大家可要爱惜啊。 67676767,2012-09-06 10:13,转发,评论,赞,微博 weibo.com,https://weibo.com/2662564411/yAAyWgm5E
89,古有曹植七步成诗，今有我七日织“围脖”。我获得了【七步成诗】勋章，谢谢大家的支持O网页链接 67676767,否,,2012-09-06 09:31,转发,评论,赞,勋章馆,https://weibo.com/2662564411/yAAiehggS
90,//@willa宁小天: 转发微博,是,人，其实不需要太多的东西，只要健康地活着，真诚地爱着，也不失为一种富有。 67676767,2012-09-06 09:24,转发,评论,赞,微博 weibo.com,https://weibo.com/2662564411/yAAfni4x1
91,,是,#锦囊妙计#【电脑族最佳喝茶方式】上午一杯绿茶，抗氧化、抗辐射；[阳光] 下午一杯菊花茶，清肝明目，春季必需；疲劳时一杯枸杞茶，益肾明目，防止眼睛干涩；晚间一杯决明茶，补脑髓、镇肝气，防止便秘！[茶] 67676767,2012-09-06 09:14,1,评论,赞,微博 weibo.com,https://weibo.com/2662564411/yAAb536N6
92,燕北园社区居民的退休生活是丰富多彩的。我们这里有一个老年协会，它的旗下活跃着二十多个活动队、兴趣组，如舞蹈队、健身队、歌咏队、乒乓队......摄影组、书法组、各种棋牌等……，只要你愿意各样的活动队、兴趣组随时可以参与。通过参加活动充实了自己，也增进了邻里间的感情，老人们快乐的忙碌着。 67676767,否,,2012-09-05 17:13,转发,评论,赞,微博 weibo.com,https://weibo.com/2662564411/yAtThkTuc
93,//@海淀区政府网站:限时特价~秒杀~殊不知，自己掉入圈套的时间比秒杀更快。。,是,骗子伎俩大揭密：想必大家都见过这样的广告语：出售绝版（限量、唯一、超正）xxx，价格惊爆您的眼球，有意请加Q详聊，或请点此链接”。多数情况下，女童鞋们就不淡定了，尤其再看见价格明显低得离谱就更兴奋。这时，大家要小心，没准儿点开就是钓鱼网站呢！（图片来自网络，只为大家一乐。） 67676767,2012-09-05 10:45,转发,评论,赞,政府版微博,https://weibo.com/2662564411/yArlFpz8I
94,人生须放下的8样东西,是,【人生须放下的8样东西】1.放下压力，累与不累，取决于心态。2.放下烦恼。快乐其实很简单。3.放下自卑。把自卑从字典里删去。4.放下懒惰。奋斗改变命运。5.放下消极。绝望向左，希望向右。6.放下抱怨。与其抱怨，不如努力。7.放下犹豫。立即行动，成功无限。8.放下狭隘。心宽，天地就宽。 67676767,2012-09-05 10:38,1,评论,赞,微博 weibo.com,https://weibo.com/2662564411/yAriUBpY0
95,医生警告,是,,2012-09-05 10:25,1,评论,赞,微博 weibo.com,https://weibo.com/2662564411/yArdpkiyv
96,不同颜色葡萄的养生作用,是,,2012-09-05 10:17,转发,评论,赞,微博 weibo.com,https://weibo.com/2662564411/yAral26W9
97,,是,在寂寞中，你不要彷徨迷惑，由于你自身内有一些愿望要从这寂寞里脱身。也正是这个愿望，如果你平静地、卓越地，像一件工具似地去运用它，它就会帮助你把你的寂寞扩展到广远的地方。早安，各位。 67676767,2012-09-05 09:13,转发,评论,赞,微博 weibo.com,https://weibo.com/2662564411/yAqKbErAS
98,我园一精神病人（低保户）7月中旬出院。8月底在街道残联的帮助下办理了免费药手续。这要感谢路再生、社区民警李雄把党的阳光惠民政策带到百姓家中。 67676767,否,,2012-09-04 09:23,1,评论,赞,微博 weibo.com,https://weibo.com/2662564411/yAhnWFjro
99,//@实用小百科: 转发求好运。。。,是,,2012-09-03 20:52,转发,评论,赞,微博 weibo.com,https://weibo.com/2662564411/yAct9mPBR
100,悲愤中！没事别打扰我有事更别打扰我~ O燕园街道燕北园社区 67676767,否,,2012-09-03 20:08,转发,评论,赞,微博 weibo.com,https://weibo.com/2662564411/yAcb3oIuI
101,[群体围观],是,注意啦！9月1日至9月30日，首都文明办、市交通委、市公安交管局、市环保局联合在全市驾驶人中开展“争当文明出行达人网上承诺签名”活动，将从参与者中评出1000名“文明出行达人”给予奖励。9月1日启动“文明出行秀达人”微博话题讨论活动，欢迎所有网民和驾驶人踊跃参加。O网页链接 67676767,2012-09-03 17:16,转发,评论,赞,政府版微博,https://weibo.com/2662564411/yAb3oc5LX
102,健康科普讲座：2012年9月5日，下周三下午2:00，在二教109由来自北大一院的4位内科、外科、妇科专家（医院院长、党委书记、妇科主任、党支书）举办健康科普讲座。请园区有意听讲座的居民，前来居委会报名！！！ 67676767,否,,2012-09-01 09:45,转发,评论,赞,微博 weibo.com,https://weibo.com/2662564411/yzPfh7Mmv
103,大家注意天气变化！！！,是,【周末北京将有强降雨，大家注意防范】天气预报说今天下午到夜间有大雨到暴雨，伴有雷电。降雨的时段主要集中在夜间，周日白天仍有阵雨。预计西部地区降雨较大，雨量可达70～90毫米。城区气温也将有所下降。市民请尽量减少外出，如若外出避开低洼积水路段，山区发生地质灾害气象风险较高，注意防范。 67676767,2012-09-01 08:49,转发,评论,赞,微博 weibo.com,https://weibo.com/2662564411/yzOSF1efY
104,入秋饮食注意事项,是,#温馨提示# 【入秋饮食注意事项】刚刚入秋，但天气依然以闷热为主，[lxhx无聊]所谓“秋老虎”说的就是这段时间。从现在开始，我们的饮食应该开始慢慢过渡，为迎接秋冬的寒冷做好准备。红枣、莲子、核桃、山药等等都是不错的选择哦~[lxhx泪目]还有啥好吃吃呢？请戳：O网页链接 [lxhx打地鼠] 67676767,2012-08-31 14:59,转发,评论,赞,微博 weibo.com,https://weibo.com/2662564411/yzHSfaUcl
105,月满则亏，水满则盈,是,优势决定方向，弱势决定发展。放牧的人，永远不会鞭打头羊，只需鞭打落后的羊，就可以保证羊群的速度。胸怀大志的人，永远不看自己的最高分，而看自己的最低分。要想使自己成为臻臻日上的人，只需要不断修正自己的缺点。月满则亏，水满则盈，虚怀若谷，不断改正缺点的人才是真正的强者。020267676767,2012-08-31 10:45,转发,评论,赞,微博 weibo.com,https://weibo.com/2662564411/yzGd9oS3e
106,幸福人生的8个关键词,是,【人生的8个关键词】1、忍耐：不是胆怯懦弱。2、放弃：除了生命，没有什么是不能割舍的。3、压力：想开了就是天堂。4、豁达：生命本身就是幸福。5、执着：在枯叶凋零的时候等待春天。6、放纵：驾驭自己是一生的功课。7、感恩：懂得回报是可贵的品格。8、释怀：将心事交给清风。 67676767,2012-08-31 09:54,1,评论,赞,微博 weibo.com,https://weibo.com/2662564411/yzFSmaWM9
107,//@北京中医医院1956:一天之计在于晨，营养早晨很重要！,是,【错误早餐吃法】1.“营养”早餐：水果、蔬菜、牛奶等，缺少主食易导致身体各种功能的削弱。2.速食早餐：汉堡包、炸鸡等，缺乏维生素、矿物质、纤维素等。3.传统风味早餐：油条、豆浆，油脂量超标，不宜长期食用。4.零食早餐：雪饼、饼干、巧克力等。容易导致营养不足，导致体质下降。 67676767,2012-08-31 09:08,转发,评论,赞,政府版微博,https://weibo.com/2662564411/yzFzVtHiK
108,生活无变化，写个心情求刺激！~ O燕园街道燕北园社区 67676767,否,,2012-08-31 08:56,转发,评论,赞,微博 weibo.com,https://weibo.com/2662564411/yzFuX0muB
109,,是,【31日早晨6点北京天气预报】目前处于大雾黄色预警中，能见度差，早高峰驾驶要谨慎，注意交通安全；白天雾转阴有雷阵雨，北转南风2、3级，最高气温31℃，注意防雨防雷电；夜间阴天间多云，南转北风1、2级，最低气温24℃。 28分钟前来自网页版 67676767,2012-08-31 08:42,转发,评论,赞,微博 weibo.com,https://weibo.com/2662564411/yzFpifjKh
110,//@平安北京:提醒大家注意，该节目不接受电话报名，也不收取报名费，谨防上当受骗。,是,#男子报名“中国好声音”积蓄被骗光#最近《中国好声音》那叫火，青岛小吴自认为唱歌还可以，于是就通过网络找到报名电话，对方要求小吴给1千元保证金。 小吴找到了一家银行的自动取款机，整个转账过程对方一直用电话遥控指挥最后，他银行卡里的一万多元钱全部被转到了对方名下。O网页链接 67676767,2012-08-30 09:37,转发,评论,赞,政府版微博,https://weibo.com/2662564411/yzwl3CvuF
111,转发微博,是,【三裂叶豚草现怀柔】有着“植物杀手”之称，对人体、水质、作物都有害的外来物种三裂叶豚草，近日，在怀柔水库等饮用水源保护地周边现身。目前，蔓延趋势也已被控制，预计一个月内可将其全部连根儿拔掉。小布提醒大家，该植物花粉与人接触后，轻则引起咳嗽、哮喘，重则肺气肿。所以，开花的千万别碰！ 67676767,2012-08-30 08:56,转发,评论,赞,微博 weibo.com,https://weibo.com/2662564411/yzw4tjROI
112,,是,[lb咦]近日位于朝阳区望京西园三区一住户家中出现小青蛇，消防员接到报警后赶到现场，经过“地毯式”搜索后，消防员在花盆土壤中发现了8颗空蛇卵消防员找到了四条蛇后，确定家中没有其他小青蛇后返回。这里提示大家如果家中绿植里出现了小青蛇，可购买一些药剂置于蛇曾出没的地方，或打119救助。 67676767,2012-08-30 08:37,转发,评论,赞,政府版微博,https://weibo.com/2662564411/yzvWxCezS
113,燕北歌咏队：定于2012年9月5日（下周三）下午3:00至4:30分，在园区文化活动中心开展活动，请队员们准时参加并相互转告。同时欢迎新朋友加入我们的队伍！ 67676767,否,,2012-08-30 08:32,转发,评论,赞,微博 weibo.com,https://weibo.com/2662564411/yzvUOEGOJ
114,自带饭盒，环保又健康,是,【别用塑料袋装热食】有人喜欢在路边摊上买早餐，把滚烫的油条、煎饼装进塑料袋或者发泡塑料餐盒中带走，这是极不健康的。一次性发泡塑料饭盒遇到热汤热饭时，会产生16种毒素，这些毒素渗入到食品中，将对人的肝脏，肾脏，生殖系统，中枢神经系统等造成严重损害。为了健康，请自带饭盒！ 67676767,2012-08-29 14:52,转发,评论,赞,政府版微博,https://weibo.com/2662564411/yzoYxlw0x
115,转发微博,是,【做人哲理】：静坐常思己过，闲谈莫论人非，能受苦乃为志士，肯吃亏不是痴人，敬君子方显有德，怕小人不算无能，如得意不宜重往，凡做事应有余步。持黄金为珍贵，知安乐方值千金，事临头三思为妙，怒上心忍让最高。切勿贪意外之财，知足者人心常乐。若能以此去处事，一生安乐任逍遥。 67676767,2012-08-29 14:47,转发,评论,赞,微博 weibo.com,https://weibo.com/2662564411/yzoWdanah
116,好好爱自己,是,[群体围观]起床了，一句早安有多好。 天冷自觉的加衣。感冒时主动吃药喝热水。 觉得寂寞了，抱抱自己。 觉得累了，休息休息。 却发现原来这些琐碎，自己几乎没有认真施予自己。 给自己一个机会，好好爱这个世上唯一的自己。 67676767,2012-08-29 10:52,转发,评论,赞,微博 weibo.com,https://weibo.com/2662564411/yznp4wnAx
117,燕北园舞蹈队：定于2012年9月4日晚7:30分，在园区文化活动中心开展活动，老师教（扇子舞）。请队员们准时参加，并相互转告。同时欢迎新朋友加入我们的队伍！ 67676767,否,,2012-08-29 10:16,转发,评论,赞,微博 weibo.com,https://weibo.com/2662564411/yznatrc0j
118,哇哈哈呀哇哈哈~我的脸上笑开了花~ O燕园街道燕北园社区 67676767,否,,2012-08-28 22:17,转发,评论,赞,微博 weibo.com,https://weibo.com/2662564411/yzisup9wR
119,"@willa宁小天: 燕园捐赠：党员,群众,老人,孩童,教授,老红军,本届和往届的居干及协管员,外来暂住人员386位捐款44900.50元，新衣物166件//20120730：49人捐4740元，新单衣9件，毛巾被7条。其他1件//20120727：86人捐10760.50元，单衣322件，毛巾被15条。在此转达区民政局的致敬：大家请放心，全数捐走！",是,丢掉一切包袱，绽放笑容。--这两天共有93人捐款19150元，单衣269件，毛巾被13条，其他68件。有大户，3千、8千的，也有30、20的。感谢大家的信任与爱心。相互信任相互尊重喵~ Owilla宁小天 67676767,2012-08-28 17:58,转发,评论,赞,微博 weibo.com,https://weibo.com/2662564411/yzgLcpJT2
120,做事莫过头！,是,宠爱过了头就是溺爱，情调过了头就是调情，同情过了头就是同谋；夸耀过了头就是夸口，赞扬过了头就是谄媚，谦虚过了头就是虚伪；放任过了头就是放纵，放心过了头就是放手，做事莫过头！ 67676767,2012-08-26 20:56,转发,评论,赞,媒体版微博,https://weibo.com/2662564411/yyZ4v38Ss
121,//@海淀公安分局:酱紫啊！,是,#温馨提示#最近网传“1008600”是诈骗电话号码，称拨打此号码或向这个号码发信息会被扣费。此类微博存在误导广大消费者、以偏概全的情况，特发微博进行说明。@平安北京 @12321举报中心 @新浪科技 @付亮的竞争情报应用 @平安常州 67676767,2012-08-26 20:27,转发,评论,赞,政府版微博,https://weibo.com/2662564411/yyYSUp8zU
122,现在也好、将来也好，顺其自然就好 O燕园街道燕北园社区 67676767,否,,2012-08-26 13:21,转发,评论,赞,微博 weibo.com,https://weibo.com/2662564411/yyW5RFp6X
123,司机朋友注意啦！！！,是,彩虹城社区外接连砸盗20辆车，嫌犯被丰台警方当场抓获 67676767,2012-08-26 10:05,转发,评论,赞,微博 weibo.com,https://weibo.com/2662564411/yyUOtDcdx
124,防范提示!!!!!!教师节临近，燕北园社区近日发现有人冒充北大名义，以教师节送礼物为名进入家庭，并要求或建议参加有关捐赠活动等。特别提醒：请园区广大居民加强防范意识，不要轻易相信或给陌生人开门，谨防上当受骗！！！ 67676767,否,,2012-08-24 17:22,转发,1,赞,微博 weibo.com,https://weibo.com/2662564411/yyEOKt7gB
125,偷偷笑一笑，烦恼都忘掉！ O燕园街道燕北园社区 67676767,否,,2012-08-23 11:35,3,评论,赞,微博 weibo.com,https://weibo.com/2662564411/yyt7yoXAK
126,[拍手]祝天下所有的有情人[七夕]七夕节健康、快乐[玫瑰] 67676767,否,,2012-08-23 09:31,转发,评论,赞,微博 weibo.com,https://weibo.com/2662564411/yysj4zah5
127,转发微博,是,“天阶夜色凉如水”“处暑西楼听晚蝉”这两种情景结合到一起是否别有一番韵味呢？今年节日节气“相遇”的情况特别多，继“立秋”撞上“三伏”后，今天“七夕”又与“处暑”相遇了。七夕节讲究吃巧果，处暑讲究吃百合鸭。今天情侣们有没有两样一起吃？020267676767,2012-08-23 08:55,转发,评论,赞,微博 weibo.com,https://weibo.com/2662564411/yys4pkUMP
128,明日处暑。增加1小时睡眠+加强锻炼=缓解秋乏,是,【处暑后驱“秋乏”多睡1小时】8月23日就是“处暑”，意味暑气逐渐消退、天气逐渐转凉。其间天气由热转凉，早晚温凉，中午气温仍然很高，很多人感到懒洋洋的，就是常说的“秋乏”，要减缓“秋乏”，睡眠尤其要充足，最好比平时多增加1小时睡眠。还要加强锻炼，如早晚跑步、打拳、做操、爬山等. 67676767,2012-08-22 13:49,转发,2,赞,政府版微博,https://weibo.com/2662564411/yykzcmGok
129,[群体围观] 请燕北园居民们注意啦！！！,是,拨打“119”报警电话要点：1、发生火情拨打119，不用加区号，不收话费，投币电话、磁卡电话也能打；2、火情地点要说清，联系电话要有效；3、消防灭火不收费，但谎报火警属违法；4、119还承担紧急救险工作，遇到危险请您及时拨打。 @北京消防 67676767,2012-08-22 10:46,转发,评论,赞,政府版微博,https://weibo.com/2662564411/yyjn12UFf
130,人生境界！！！,是,有粮千担，也是一日三餐； 有钱万贯，也是黑白一天； 洋房十座，也是睡榻一间； 宝车百乘，也是有愁有烦； 高官厚禄，也是每天上班； 妻妾成群，也是一夜之欢； 山珍海味，也是一副肚腩； 荣华富贵，也是过眼云烟； 钱多钱少，够吃就好。人丑人美，顺眼就好。 人老人少，健康就好。020267676767,2012-08-22 10:32,转发,评论,赞,微博 weibo.com,https://weibo.com/2662564411/yyjhaaQgA
131,转发微博。,是,【公告】#社保卡诈骗#市人力社保局特别提醒群众 67676767,2012-08-22 10:22,转发,评论,赞,微博 weibo.com,https://weibo.com/2662564411/yyjdcjFN8
132,特别提醒燕北园居民注意！现在的骗子诈骗手段不断翻新，切记不要盲目汇款。提高警惕，防止上当受骗哦！,是,"近日家住大兴的张女士接到冒充《我要上春晚》栏目组的中奖短信,称其被选为场外幸运星,获9万8千元及一IPad。张女士得知中奖喜出望外,马上按照短信提示上网进行领奖操作,并拨打网页电话进行咨询,对方要求其先支付税费、保证金等,张女士仍未起疑,分两次将2万7千余元汇给对方,后因联系不上对方,才知被骗。 67676767",2012-08-21 12:17,转发,2,赞,微博 weibo.com,https://weibo.com/2662564411/yyaxnv3YD
133,,是,忘不掉的是回忆，继续的是生活，错过的，就当是路过。身边来来往往很多人，总有一个位置，一直没有变。走在路上，想一想，下一秒温暖的阳光，谁与你分享。早安，各位。 67676767,2012-08-21 08:39,转发,评论,赞,微博 weibo.com,https://weibo.com/2662564411/yy96U0d7w
134,,是,【天气快报】市气象台8月20日14时46分发布天气快报：未来3小时内，图中黄色区域（延庆、昌平、怀柔、密云、平谷、顺义、门头沟、房山，以及石景山、海淀、朝阳、通州的部分地区）将出现雷电，局地短时雨强较大。 67676767,2012-08-20 15:31,转发,评论,赞,政府版微博,https://weibo.com/2662564411/yy2nB1mo5
135,父母值得深思！！！,是,【农民三句话培养好孩子】1、孩子，爸妈没本事，你要靠自己2、孩子，做事先做人，一定不能做伤害别人的事3、孩子，撒开手闯吧，实在不行，回家还有饭吃【城里人三句话害孩子】1.宝贝，好好学习就行，其他爸爸妈妈来办2、宝贝，记住不能吃亏3、我告诉你，再不好好学习，长大没饭吃...@犹太人智慧启示录 67676767,2012-08-20 14:34,转发,评论,赞,微博 weibo.com,https://weibo.com/2662564411/yy20EuB0W
136,温馨提示！！！燕北园社区北大附小学生家长请注意：根据学校开学时间的规定，北大附小班车安排如下： 8月31日班车:中午12:40分，迪亚天天路口发车。 下午15:30分，返回。 9月1日班车：恢复正常。请家长及小学生们做好准备！ 67676767,否,,2012-08-20 14:29,转发,评论,赞,微博 weibo.com,https://weibo.com/2662564411/yy1Yu4vyI
137,"322楼三门门禁锁损坏,楼门组长叶俊荣与我园区316楼热心居民李金成共同把锁修好.图片中戴眼镜者为李金成.居委会表示感谢! 67676767",否,,2012-08-19 17:33,转发,评论,赞,微博 weibo.com,https://weibo.com/2662564411/yxTKLbJWf
138,“汛期”排除安全隐患! 自北京7.21特大雨灾后，为了安全、防止雷电引发火灾伤人事件的发生。社区319楼一居民电话反映：自家小院内的树枝包裹着电线有危险，请居委会帮忙解决。居委会主任得知消息后，立即前往查看，并帮助将该树枝隐患铲除，为居民解决了“汛期”的安全隐患。 67676767,否,,2012-08-19 10:04,2,5,赞,微博 weibo.com,https://weibo.com/2662564411/yxQOE87dU
139,注意天气变化！！！！！！,是,#交通天气#今夜有小阵雨，最低气温22℃；明天白天南部有阵雨，最高气温28℃，大部分时间适宜出行，若您去南部需做好防雨准备。今天中午左右，稍感闷热但未持久。虽然出伏天了，但天气总会有些反复，一如人生的起伏，莫担心酷暑重来，既然已经入秋，夏的特点似有实无，秋的特征更加显著。祝您周末愉快！ 67676767,2012-08-17 21:51,转发,2,赞,政府版微博,https://weibo.com/2662564411/yxCAz3L1W
140,高二学生吴起梦假期参加社区实践 67676767,否,,2012-08-17 10:38,转发,评论,赞,微博 weibo.com,https://weibo.com/2662564411/yxybjAYAn
141,转发微博,是,#每日心语#愿意吃亏的人，终究吃不了亏，吃亏多了，总有厚报；爱占便宜的人，定占不了便宜，赢了微利，却失了大贵。再好的东西，你也不可能长久拥有，不必计一时回赠，莫如常怀怜悯之情，常施援助之爱，得到人心，他物不缺。莫要以为成败无因，今天的苦果，是昨天所播之种；当下的付出，是明日的善报。 67676767,2012-08-17 10:00,1,评论,赞,微博 weibo.com,https://weibo.com/2662564411/yxxVYq0yn
142,转发微博,是,#让孩子健康上网#【一】提醒孩子不要在网络上轻易相信陌生人，青少年性格单纯、鉴别能力弱，不法分子利用这一点通过网络骗取青少年信任后，往往会实施很多预想不到的违法犯罪活动。【二】提醒孩子不要在互联网上公开自已和家人的姓名、电话、住址、密码等个人隐私和重要信息。 67676767,2012-08-16 14:23,转发,评论,赞,微博 weibo.com,https://weibo.com/2662564411/yxqehgemz
143,时间是世界上一切成就的土壤，给空想者痛苦，给创造者幸福；时间是奔腾澎湃的急湍，一去无返，毫不流连；时间像海绵里的水，只要愿挤，总还是有的。珍惜时间，珍爱生活，人生会更精彩！ 67676767,否,,2012-08-16 09:28,转发,评论,赞,微博 weibo.com,https://weibo.com/2662564411/yxoiroECH
144,招聘启事！！！ 燕北园社区将实行垃圾分类，现急需垃圾分拣员16人。有意者请到居委会报名，详情面议。时间：2012年8月16日―8月31日。上午8:00-11:00，下午2:00-5:00. 67676767,否,,2012-08-16 09:20,转发,评论,赞,微博 weibo.com,https://weibo.com/2662564411/yxofiFByv
145,下图 为园区瘫痪居民理发 67676767,否,,2012-08-15 11:03,3,5,赞,微博 weibo.com,https://weibo.com/2662564411/yxfulBSvF
146,"响应政府垃圾分类的号召,为下一步实行垃圾分类做好准备。7月31日至8月10日，燕北园社区居委会向每户居民发放家庭垃圾分类桶及垃圾袋。社区残障就业人员黄海倩帮助发放垃圾分类桶工作。居民边战京共产党员自愿加入到发放垃圾分类桶工作中，起到一个共产党员先锋模范带头作用。 67676767",否,,2012-08-15 10:26,转发,2,赞,微博 weibo.com,https://weibo.com/2662564411/yxffncZPQ
147,转发微博,是,#假二手电脑6大骗人招数#之六 “网上二手交易欺诈”网上二手笔记本交易打破了时空限制，产品种类也非常丰富，一般档次较高，价格也很诱人，但出售者往往在另外的城市，难以验货，购买时风险较大。[非常汗] 67676767,2012-08-14 15:37,转发,评论,赞,微博 weibo.com,https://weibo.com/2662564411/yx7RbcvZY
148,我在用刚刚发布的#新版微相册#，看起来还不错～是个分享照片的好地方，想看看朋友们的照片吗？猛击这个链接O网页链接 67676767,否,,2012-08-14 11:00,转发,评论,赞,微相册,https://weibo.com/2662564411/yx62Ek4pg
149,今日自恋一小步，明天自信一大步！ O燕园街道燕北园社区 67676767,否,,2012-08-14 10:17,转发,评论,赞,微博 weibo.com,https://weibo.com/2662564411/yx5LjiVZp
150,提醒社区居民注意！！！！！！,是,"#一周治安播报#8.6-8.12【撬砸汽车盗窃警情】发案主要分布在:朝阳潘家园;海淀西山;丰台大红门。案发时间集中在清晨和傍晚【拎包盗窃警情】发案主要分布在:丰台新发地,案发时间集中在上、下班高峰期【扒窃警情】发案主要分布在:西城西单大街;朝阳南磨房;丰台丰台镇。案发时间主要集中在上、下班高峰期。 67676767",2012-08-13 21:41,转发,1,赞,政府版微博,https://weibo.com/2662564411/yx0OkFEMJ
151,#在这里输入你想要说的话题#如何搞好社区文化建设？ 67676767,否,,2012-08-13 21:21,转发,1,赞,微博 weibo.com,https://weibo.com/2662564411/yx0GndzEw
152,haha,是,,2012-08-13 21:20,转发,评论,赞,微博精选,https://weibo.com/2662564411/yx0FJA4K3
