序号,微博内容,是否原创,转发内容,发布时间,转发数,评论数,点赞数,设备源,微博ID
0,转发微博,是,【这几个按钮能救命！没事别乱摸】你知道你身边有很多紧急按钮吗？当突遇火灾、扶梯夹人、电梯故障…时，这些按钮会分分钟救你于“水深火热”之中。戳↓图，看看关于紧急按钮的知识你都get了吗？你会按？但没事千万别按！不然在不对的时间玩坏了，后果很严重！不信，看图9#蜀黍带你涨姿势# 67676767,2017-09-29 09:09,转发,评论,赞,HUAWEI Mate 9 Pro,https://weibo.com/5111239333/Fo18Q5Lex
1,转发微博,是,【坚守保平安 职责铸警魂】在喜迎国庆佳节及十九大之际，壤塘县公安局交警大队黑桥中队民警在国道317线，提前恭祝全国人民国庆节快乐！也提醒广大交通参与者安全驾驶！PS 国庆我们不放假0202@四川公安0202@阿坝公安0202@阿坝公安交警0202@阿坝微博 67676767,2017-09-29 09:05,转发,评论,赞,HUAWEI Mate 9 Pro,https://weibo.com/5111239333/Fo17ebpZ7
2,转发微博,是,〖松潘公安民警出差途中救助车祸伤者 暖人心〗白羊派出所民警刘礼平、陈浩从辖区开车出差到黑水县办案，途径茂县飞虹乡水草坪村附近路段时，发现前方刚发生一起两台货车相撞的事故，两位民警与附近群众一起把三名伤者转移出车外，进行简单包扎后，迅速拨打“110”和“120”。0202两位民警一边安抚伤者的 67676767...展开全文c,2017-09-27 21:30,转发,评论,赞,HUAWEI Mate 9 Pro,https://weibo.com/5111239333/FnN8R3Bsb
3,转发微博,是,猛戳 视频直击 松潘公安协助浙江警方抓获一名故意杀人案重要嫌疑人@四川公安 @公安部刑侦局 @公安部打四黑除四害 @阿坝公安 @阿坝同城 @阿坝身边事 L松潘县公安局的微博视频 67676767,2017-09-26 10:40,2,1,1,HUAWEI Mate 9 Pro,https://weibo.com/5111239333/Fnzsi8yaj
4,转发微博,是,需要南下前往茂县、成都方向的司机朋友们请看看临时管制时间奥。@四川公安0202@阿坝公安0202@阿坝同城 67676767,2017-09-22 00:04,转发,1,1,HUAWEI Mate 9 Pro,https://weibo.com/5111239333/FmTA9svyB
5,转发微博,是,#阿坝身边事# 【好消息！雪山梁子隧道国庆试通行】川(主寺)黄(龙)公路雪山梁隧道项目位于阿坝州松潘县黄龙自然保护区内，隧道长7.966公里，宽10米。隧道通车后，游客从九黄机场出发，将不用再翻越海拔4017米的雪山梁子，到达黄龙景区的时间将从过去的一个多小时缩短到半个小时左右。成都游客自驾前往黄 67676767...展开全文c,2017-09-21 21:26,转发,评论,1,HUAWEI Mate 9 Pro,https://weibo.com/5111239333/FmSygF5rg
6,转发微博,是,#消防知识#【超实在！超实用！高层住宅发生火灾究竟如何逃生？】随着城市的发展，高层建筑越来越多，高层建筑的消防安全也越来越受到关注。高层发生火灾，我究竟要怎样才能安全逃生？针对这个问题，滁州消防小周同志在高层现场为您解答，一起来看看吧！ L安徽消防的秒拍视频 67676767,2017-09-21 21:25,转发,评论,赞,HUAWEI Mate 9 Pro,https://weibo.com/5111239333/FmSxAqYMd
7,转发微博,是,#2017四川公安舟船演练#乘风破浪，奋勇争先，为了肩头的使命与担当，为了警察的职责与荣耀。 L四川公安的微博视频 67676767,2017-09-20 09:25,转发,评论,赞,HUAWEI Mate 9 Pro,https://weibo.com/5111239333/FmEoYxWZc
8,转发微博,是,【此刻，转发铭记！#九一八事变#爆发86周年】1931年的今天，#九一八事变#爆发，这是日军企图武力征服中国的开端。14年艰苦卓绝的抗日战争，中国3500万军民伤亡，老人、妇女、婴儿惨遭屠杀……今天，无论你在哪，让我们用微博转发，铭记历史！ 67 676767 67676767,2017-09-18 09:10,转发,评论,赞,HUAWEI Mate 9 Pro,https://weibo.com/5111239333/FmlrNzdTy
9,转发微博,是,【今天，此刻，共同纪念，铭记历史！】1931年9月18日#九一八事变#爆发，这是日军企图武力征服中国的开端。今天，6位日本老人与2500多名中国民众，在中国长春伪满皇宫博物院的东北沦陷史陈列馆广场前，共同纪念“九一八”。看#央视新闻微直播#，传递，铭记历史。（央视记者孙建德） O央视新闻的微博直播 67676767,2017-09-18 09:09,转发,评论,赞,HUAWEI Mate 9 Pro,https://weibo.com/5111239333/FmlrA2zSw
10,转发微博,是,【暖心视频！0202花红树下叙真情0202亲戚越走越亲 人心越拉越近 】松潘县古城外县城顺江一村马光秀老人有一子、一女长期在外很少回家，平时老人一人独居，生活清苦。0202020202全省公安机关“一标三实”基础信息采集工作开展时，民警李晓鸣、方世正入户走访时了解到老人的情况后，不约而同的决定与马光秀老人 67676767...展开全文c,2017-09-17 00:27,1,评论,赞,HUAWEI Mate 9 Pro,https://weibo.com/5111239333/Fm8B9xboe
11,转发微博,是,【回家 索朗恩波】每一帧都是对家的思念我叫蔡小刚我还有个藏族名字―索朗恩波我是藏族人我来自理县我是一名警察我来自叙永县公安局水潦派出所...展开全文c,2017-09-14 16:12,2,1,5,HUAWEI Mate 9 Pro,https://weibo.com/5111239333/FlMv6vpeG
12,转发微博,是,【4分钟速览#巡视利剑#第四集《巡视全覆盖》】党的十八大以来，巡视制度既成为党内监督有效发挥作用的过程，也成为依托广大人民群众、与群众监督相结合的过程。习近平在十八届中央纪委六次会议上强调：“要加强对巡视工作的领导，确保在本届任期内巡视全覆盖，巡视全覆盖本身就是震慑。” 67676767...展开全文c,2017-09-12 16:30,转发,评论,1,HUAWEI Mate 9 Pro,https://weibo.com/5111239333/FltLBARxt
13,转发微博,是,"【警务联动协作座谈会在汶川召开】为深入贯彻落实省厅党委关于跨区域警务协作发展战略，进一步加强汶川与周边区市县公安局的警务协作交流，形成整体合力,全力构建平安边界。2017年9月8日，阿坝、成都、雅安“三区三市七县”区域警务联动协作座谈会在汶川县水磨镇隆重召开。 67676767",2017-09-11 19:33,转发,评论,2,HUAWEI Mate 9 Pro,https://weibo.com/5111239333/FllxwfvDw
14,做警察是一份责任 做教官是一份担当。（教官们，感谢你们对教官事业的执着与热爱！） 67676767,否,,2017-09-10 09:32,1,4,19,HUAWEI Mate 9 Pro,https://weibo.com/5111239333/Fl8aUDdxe
15,转发微博,是,今天是全国拒绝酒驾日！0202“9”与“酒”同音，“99”象征长久，希望每个人都能拒绝酒驾，杜绝悲剧发生，生活幸福长久。#拒绝酒驾##9.9拒绝酒驾日# 67676767,2017-09-09 09:59,转发,评论,赞,HUAWEI Mate 9 Pro,https://weibo.com/5111239333/FkYVrxis0
16,在广袤的川西高原上，用忠诚捍卫这片热土，用青春履行神圣使命，他们就是“高原猎鹰” 67676767,否,,2017-09-05 09:53,22,9,33,HUAWEI Mate 9 Pro,https://weibo.com/5111239333/Fknb16gAz
17,//@阿坝网警巡查执法:【网警提示：110报警电话只能打进 不能打出 ！】一些市民在生活中会接到“110”打来的电话，打电话者自称办案民警，能够说出机主的详细信息，并且让机主转账。110报警电话只能打进，不能打出，因此来电显示“110”的是虚假号码。 67676767,是,【潍坊网警：“110”居然诈骗！！】一些市民在生活中会接到“110”打来的电话，打电话者自称办案民警，能够说出机主的详细信息，并且让机主转账。潍坊网警再次提醒大家，110报警电话只能打进，不能打出，因此来电显示“110”的是虚假号码。 67676767,2017-09-05 09:10,1,1,赞,HUAWEI Mate 9 Pro,https://weibo.com/5111239333/FkmTlrEsn
18,新起点，新征程,是,#迎接十九大忠诚保平安#【喜迎十九大：新起点 新征程】十八大以来的这五年，百姓获得了满满幸福感，而正是这满满的幸福感，让大家一听到十九大召开的消息，心中充满了热切期盼。各地干部群众纷纷表示，喜讯让人欢欣鼓舞，大家要以饱满的热情、优异的成绩，迎接十九大召开。L中国新闻网的秒拍视频 6767 67 67676767...展开全文c,2017-09-03 12:59,转发,评论,赞,HUAWEI Mate 9 Pro,https://weibo.com/5111239333/Fk5xkuACu
19,"为进一步增强民警服务群众,联系群众的实际能力,针对民族地区特点,结合“四对照 四提升 做忠诚卫士”主题教育活动要求。8月30日，阿坝州公安局2017年度藏汉“双语”夜校正式开课。此次夜校培训是夯实我州藏区公安群众工作基础，深入农牧区开展各项警务工作的重要方式。各部门民警、职工充分利用“身边的资源”，通过“集中讲”、“自己学”、“同事帮”、“群众教”、“实践用”等方式营造良好的学习氛围和语言环境，掀起了藏语学习的热潮。",否,,2017-09-01 09:16,转发,评论,4,HUAWEI Mate 9 Pro,https://weibo.com/5111239333/FjLe4bxmc
20,不轻信～不透露～不转账,是,【面对电信诈骗坚决做到“三个不”】不轻信。不轻信来历不明的电话和手机短信；不透露。无论什么情况，都不向对方透露自己及家人的身份信息、存款、银行卡等情况；不转账。决不向陌生人汇款、转账。同时，遇到事情勿惊慌，及时拨打110 向警方报案。#百佳刑警# 详细：°李凌：刑警工作是我的爱好 如今已成一生追求 6767676703查看图片,2017-08-30 11:07,1,评论,1,HUAWEI Mate 9 Pro,https://weibo.com/5111239333/Fjt64gVnM
21,转发微博,是,"【半年拉人40万聚资21亿！戳穿""五行币""骗局，扩散！】""五行币""宣称花5000元入会，能得一枚五行金币，还能一年得400万回报。而号称国家秘密培养奇才、未来世界首富的五行系统发明人，其实只是大忽悠，打着""爱国、慈善、扶贫""旗号骗取钱财。""五行币""推出5个月，涉案金额达21亿元…L央视新闻的秒拍视频 67676767",2017-08-30 11:01,转发,评论,1,HUAWEI Mate 9 Pro,https://weibo.com/5111239333/Fjt3FzKBR
22,转发微博,是,#大国外交#【4分钟速览《大国外交》之《大道之行》】中国理念正引发世界前所未有的共鸣。正是在这样的共鸣中，中国特色大国外交谱写出具有空前引领力、凝聚力、感召力的新篇章。在新的历史起点上，中国有决心也有能力实现民族复兴的伟大梦想，有决心也有能力与世界各国一道，开创繁荣美好的未来！ 67676767...展开全文c,2017-08-29 10:16,1,评论,2,HUAWEI Mate 9 Pro,https://weibo.com/5111239333/FjjkVgVs8
23,天上不会掉馅饼哦,是,#围剿电信诈骗# 【网络兼职？日赚500元？ 别信，后面都是坑 】“招网上兼职……有手机就可以做的好兼职，空余时间生活工作两不误！日赚300―500元！”收到这样的消息，你是不是一笑删之？还是会好奇地联系对方？其实还是删了好。一联系，后面全是坑。搜索“网络兼职”，能跳出数百万条“兼职打字员”、 67676767...展开全文c,2017-08-27 22:14,转发,评论,1,HUAWEI Mate 9 Pro,https://weibo.com/5111239333/Fj5b4iLbX
24,转发微博,是,"#四对照四提升,做忠诚卫士#“为人民而战”全国英模四川代表事迹报告会 遂宁站。（来自L一直播:四川公安正在直播）APP下载地址：O网页链接02022遂宁 67676767",2017-08-21 19:52,1,评论,1,HUAWEI Mate 9 Pro,https://weibo.com/5111239333/Fi9GJjByq
25,【警徽在荷叶社区闪烁】#九寨沟7.0级地震#理县公安局22名民警迅速驰援灾区，承担九寨沟景区内4个帐蓬安置点的治安管理、消防管理、交通管理、巡逻防范及服务灾区群众等工作。 67676767,否,,2017-08-20 13:51,转发,1,6,HUAWEI Mate 9 Pro,https://weibo.com/5111239333/FhXTNbb5X
26,转发微博,是,【人帅心美！九寨公安交警刘方平推迟婚礼 把喜被褥送给游客御寒】8月14日是九寨沟公安局交警大队民警刘方平原本打算结婚的日子，突如其来的#四川九寨沟7.0级地震# 打乱了他的计划。面对滞留的旅客，刘方平把准备结婚用的纸碗纸杯、饮料、喜糖、油炸好的鱼肉拿给游客，甚至把崭新的喜被褥也拿给游客 67676767...展开全文c,2017-08-20 09:28,1,评论,4,HUAWEI Mate 9 Pro,https://weibo.com/5111239333/FhWaZqbbk
27,阿坝州的警察，还有另一面。,是,帅气骑警领衔壤巴拉节开幕式@阿坝公安0202@阿坝微博0202@阿坝旅游杂志社0202@阿坝公安交警0202@阿坝微博 67676767,2017-08-17 17:33,1,1,8,HUAWEI Mate 9 Pro,https://weibo.com/5111239333/Fhx4nF0kZ
28,【既要做好灾后重建交通保畅，更要确保民警自身安全，省公安厅刘志刚副厅长检查九寨沟交通卡点】#四川九寨沟7.0级地震#在九寨沟“8.8”抗震救灾前线指挥部工作的省公安厅副厅长刘志刚，在交警总队副总队长谭晓华、阿坝州公安局副局长杨泽旺同志的陪同下，检查了九寨沟黑河桥交通安全检查卡点，看望慰问执勤交警，志刚副厅长代表厅党委对交警在抗震救灾中第一时间保通保畅、严格规范执勤执法、热情周到服务灾民所取得的成绩给予充分肯定，向所有参战交警表示衷心感谢，同时希望全体交警：继续抓好道路的隐患排查整治，按厅党委和指挥部的要求，落实各项保通保畅、安全防范措施，既要做好灾后重建交通保畅，更要确保民警自身安全，再接再励，再立新功！,否,,2017-08-16 10:34,1,评论,5,HUAWEI Mate 9 Pro,https://weibo.com/5111239333/FhkTLyWu4
29,【一大波战狼来袭！】#四对照四提升，做忠诚卫士#8月15日14时，省州县参与#四川九寨沟7.0级地震# 抗震救灾的100多名公安民警，在震中漳扎镇举行“四对照四提升，争做人民忠诚卫士”重温入党、入警誓词活动。 L阿坝公安的秒拍视频 67676767,否,,2017-08-15 23:17,2,1,3,HUAWEI Mate 9 Pro,https://weibo.com/5111239333/Fhgt2t1Fi
30,求扩散#四川九寨沟7.0级地震# 8月15日，漳扎派出所民警侯定建，董华来到天源豪生酒店，汇同酒店工作人员清理游客遗留行李。酒店留守负责人泽郎头告诉笔者，8月8日住天源豪生酒店的游客如有遗留行李，可直接与泽郎头联系，手机号18111327566。 67676767,否,,2017-08-15 12:16,6,1,8,HUAWEI Mate 9 Pro,https://weibo.com/5111239333/Fhc8EcRXm
31,祝战友早日康复。,是,【揪心！阿坝州公安两名民警救灾途中负伤 】8月9日11时，@阿坝公安 科通支队民警邓中在连续工作14个小时后，乘坐警车前往川主寺领取通信设备。在返回途中，车辆不幸侧翻，邓中腰部受伤，同车九黄机场公安分局民警杨朝贵轻伤。州公安局党委及时安排车辆将俩人送医，并到家慰问。祝愿战友早日康复！ 67676767,2017-08-13 20:41,转发,4,3,HUAWEI Mate 9 Pro,https://weibo.com/5111239333/FgWAxmwKw
32,小编看完这不到2分钟的视频，也真心落泪，‘’人民公安为人民”，不是口号。,是,#我们和你在一起#【泪目！7名特警从“鬼门关”中救出10名被困群众】9日，10名群众被困在#四川九寨沟7.0级地震# 震中附近，阿坝州特警支队7名特警接到任务，要把他们带回来，特警们躲过余震，穿越流沙之地，从镜海小心翼翼狂奔，躲避不断滚落的飞石，相继将10名群众救出。@时间视频020267676767...展开全文c,2017-08-12 20:44,1,评论,11,HUAWEI Mate 9 Pro,https://weibo.com/5111239333/FgNbjolvQ
33,转发微博,是,“头脑简单一动手 后果难料你莫抖”--我州一网民散布“涉地震谣言” 被行政拘留10日020202020202022017年8月11日，我州网警在工作中发现，有网民在微信群散布--“九寨天堂昨晚九百间住满的，早上天不亮就拉走四车死人”的虚假消息。在发现该情况后，为了防止谣言信息的进一步扩散，进而混 67676767...展开全文c,2017-08-12 15:33,转发,评论,1,HUAWEI Mate 9 Pro,https://weibo.com/5111239333/FgL8Um3N7
34,关门子大转移。,是,我们，和你在一起！#四川九寨沟7.0级地震# 67676767,2017-08-10 22:39,转发,1,6,HUAWEI Mate 9 Pro,https://weibo.com/5111239333/Fgv4Uq6mj
35,转发微博,是,【新华社：“生命通道”的救援】#四川九寨沟7.0级地震# 发生后，阿坝特警队的马悌与80余名战友从阿坝马尔康镇出发，前往震区解救被困游客。落石和渣土掉下来那一刻，马悌和他的战友们手牵着手，铸成了一道人墙，让早已慌乱、痛哭的游客通过陡峭的塌方体。°特写：“生命通道”的救援 67676767,2017-08-10 19:19,1,1,3,HUAWEI Mate 9 Pro,https://weibo.com/5111239333/FgtLL7LAX
36,转发微博,是,#四川九寨沟7.0级地震#【最新发布：九寨沟“8.8”地震：抗震救灾工作取得八个重大阶段性成效】8月10日下午5点，九寨沟“8.8”地震抗震救灾指挥部召开第二场新闻发布会，介绍了九寨沟“8.8”地震的五个特点，以及抗震救灾工作取得八个重大阶段性成效。详情请戳↓↓ °6767最新发布| 九寨沟“8.8”地震：抗震救灾工作... 67676767,2017-08-10 19:19,1,评论,2,HUAWEI Mate 9 Pro,https://weibo.com/5111239333/FgtLJj05w
37,转发微博,是,【数万九寨沟滞留人员疏散前后对比图】九寨公安安全疏散4万余名游客、2万余名旅游从业者和受灾群众等滞留人员第一组:国大疏散点第二组:漳扎镇疏散点第三组:九寨沟县城转移点 2阿坝藏族羌族自治州・九寨沟 67676767,2017-08-10 16:32,转发,评论,3,HUAWEI Mate 9 Pro,https://weibo.com/5111239333/FgsGblIZl
38,#四川九寨沟7.0级地震# 【这就是警察前面加人民的原因】 67676767,否,,2017-08-09 23:15,546,83,267,HUAWEI Mate 9 Pro,https://weibo.com/5111239333/FglTeAFxY
39,阿坝公安民警站在塌方不断的关门子处，疏散滞留游客及车辆。 L阿坝公安的秒拍视频 67676767,否,,2017-08-09 15:04,1,1,14,HUAWEI Mate 9 Pro,https://weibo.com/5111239333/FgiFWhjf7
40,驰援灾区。地震发生后，阿坝州公安局迅速启动应急预案，组织州局机关、若尔盖、松潘民警和特警233人连夜赶往灾区，后续警力正在抽调中。 67676767,否,,2017-08-09 05:30,13,6,28,HUAWEI Mate 9 Pro,https://weibo.com/5111239333/FgeUApCeJ
41,视频实拍地震发生后，九寨沟县公安局迅速组织民警上街巡逻。目前县城秩序井然，公安抢险救灾全面展开。0202676767 L阿坝公安的秒拍视频 67676767,否,,2017-08-09 04:59,4,5,5,HUAWEI Mate 9 Pro,https://weibo.com/5111239333/FgeIjd6S7
42,震后5分钟，九寨沟民警在漳扎镇救助受伤群众。 67676767,否,,2017-08-09 04:37,1,1,26,HUAWEI Mate 9 Pro,https://weibo.com/5111239333/FgezmyNcG
43,转发微博,是,【路况提示】目前塌方仍在继续。@茂县警方 正在现场劝返车辆，相关部门也在现场开展抢险工作。目前没有车辆、人员伤亡。请前往车辆绕行，注意行车安全！绕行路线：1、成都-茂县-黑水-红原-川主寺-九寨沟；2、成都-汶川-理县-红原-川主寺-九寨沟。 67676767,2017-08-06 18:28,1,1,5,HUAWEI Mate 9 Pro,https://weibo.com/5111239333/FfRJcFyX3
44,转发微博,是,“退伍不褪色”―壤塘县公安局祝中国人民解放军建军90周年快乐！@阿坝公安 @四川警察学院 @四川公安 @法制晚报 @阿坝手机报 @中国警察网 L秒拍视频 67676767,2017-08-02 20:49,1,1,8,HUAWEI Mate 9 Pro,https://weibo.com/5111239333/FfgWv3Emk
45,//@四川公安:【扩散！符合这3个特征很可能是传销！】只要具备收取入门费、发展下线、层级返利这3个特征，就可以认定涉嫌传销。“纵观‘善心汇’的运作模式，无论是300元‘善种子’的入门费，还是靠‘拉人头’以发展‘下线’，并组成层级，按人数返利等，均符合我国法律规定的传销的所有特征。”,是,【人民日报：“善心汇”，遍布骗局的“丧心汇” 】“‘善心汇’同其他传销模式没有本质不同，都是‘上线’获利多、又安全，‘下线’获利少、风险大，一旦系统崩盘，则意味着最广大‘下线会员’的投入打水漂。”这不仅会对经济秩序造成巨大的破坏，也是对人民群众的财产安全带来的巨大威胁。020267676767...展开全文c,2017-07-31 22:57,转发,评论,1,HUAWEI Mate 9 Pro,https://weibo.com/5111239333/FeYVnt4aV
46,【少年摔落河边多处受伤，出差警察为救他鞋裤全湿】7月24日，一名40多岁的中年男人来到阿坝州公安局，通过门卫转交了一封感谢信，信中称“要不是这个警官马上帮我把儿子抬上公路，可能我的儿子就没救了。我只记到他是阿坝州公安局的，警号是‘113068’......”。0202020202020202据了解，7月23日，一名少年在马尔康市红星桥老炸药库附近骑行自行车时，不慎掉下高约6米的公路，整个人摔在河边石头上，全身多处受伤，梭磨河水从其身边流过，情况危急。0202020202020202警号为“113068”的民警经过此地时，见状立即顺着小水沟跳到坎下，与其他群众一起及时将少年从坎下抬到公路上，安全送到医院就治。据医生介绍，少年不仅头部受伤，肝脏也出现出血情况，幸亏及时送医，经手术后己无生命危险。0202020202020202据悉，救人的警察当天刚从若尔盖出差返回马尔康，见少年情况危急，直接就跳到河边救人，鞋裤全湿。救完人后照常返回工作岗位上班，期间只是说了句“任何警察遇到这种情况，都会跳下去救人。”,否,,2017-07-27 08:57,1,2,16,HUAWEI Mate 9 Pro,https://weibo.com/5111239333/FehI9rwr7
47,转发微博,是,【四川省公安机关赴柬埔寨成功破获部督“3.05”特大跨国通讯诈骗案】0227日凌晨3点多，一架从柬埔寨飞来的客机抵达双流国际机场，随着客机的降落我省公安机关成功将涉嫌“3.05”特大跨国通讯诈骗案的17名犯罪嫌疑人押解回国。今年以来，我省公安机关在@公安部打四黑除四害 公安部的统一组织指挥下打掉以 67676767...展开全文c,2017-07-27 08:43,转发,评论,2,HUAWEI Mate 9 Pro,https://weibo.com/5111239333/FehCOdQ73
48,转发微博,是,四川卫视经济频道 “挑战不可能”栏目美女记者黄龙景区采访，把自己的包落在了缆车上。。。。。但是警察小哥在，那都不是“事”儿@阿坝同城 @阿坝公安 @阿坝微博 @四川公安 L秒拍视频 67676767,2017-07-26 17:45,转发,评论,1,三星GALAXY Note 4,https://weibo.com/5111239333/FebKlnKGo
49,转发微博,是,【善心汇公司张天明等人涉嫌传销等犯罪被依法查处】O善心汇公司张天明等人涉嫌传销等犯罪被依法查处 67676767,2017-07-24 16:21,转发,评论,赞,三星GALAXY Note 4,https://weibo.com/5111239333/FdSlfoFr3
50,转发微博,是,喜迎松潘古城花灯会蛩们 长路如歌风雨行一遍遍细致的手势，一次次彻夜的巡查、 一次次温情的救助020202一趟趟严格的执法……这是他们在花灯会期间的一种工作方式真实、平和、公正、近人而富有情感@阿坝公安 @阿坝微博 @阿坝身边事 @阿坝同城 @四川公安 @人民公安报 @人民警察网 67676767,2017-07-20 19:26,转发,评论,4,三星GALAXY Note 4,https://weibo.com/5111239333/FdhQ3aaOK
51,转发微博,是,为不断推进平安建设，密切警民之间的关系，7月20日上午，汶川县公安局开展了以“警民同心汶川平安”为主题的警营开放日活动。@阿坝公安 活动现场，公安民警、武警消防官兵为市民献上了擒敌拳、交警指挥手势操、独唱《为了谁》、合唱《人民公安向前进》等精彩节目。受到了广大群众的连连称赞！ 67676767,2017-07-20 19:25,转发,评论,4,三星GALAXY Note 4,https://weibo.com/5111239333/FdhPWo8Be
52,转发微博,是,【前方高能！被警察事业耽误的演员来了！】江苏常州新北公安分局制作《民警李建国》系列短剧，人物设定暂定四人，分别是派出所教导员，民警李建国，警花黄淑芬，民警王钢蛋...均由基层一线的民警辅警出演。第一集，教你正确躲避溺水危险↓↓友情提醒：喝水时请勿观看L秒拍视频 67676767,2017-07-19 08:11,1,评论,赞,三星GALAXY Note 4,https://weibo.com/5111239333/Fd3ZxAb9E
53,转发微博,是,#平安火把节# 每一个节日，每一场盛会的背后，都有身着藏蓝警服的他们在默默守护平安。他们在，平安在，心安在！ 67676767,2017-07-17 18:34,转发,1,2,三星GALAXY Note 4,https://weibo.com/5111239333/FcPdt3AP1
54,转发微博,是,7月17日，凉山谷克德，蜀黍带你鸟瞰火把节，不一样的视角，不一样的感受！#平安火把节# L秒拍视频 67676767,2017-07-17 18:34,转发,评论,赞,三星GALAXY Note 4,https://weibo.com/5111239333/FcPdo4I0G
55,转发微博,是,【7.7妨害公务案情况通报】 67676767,2017-07-14 07:47,转发,评论,4,三星GALAXY Note 4,https://weibo.com/5111239333/FciHnuH59
56,"【凉快！7月黑水民警在雪地中保游客平安】近期，全国多地正接受“高温大魔王”考验，高温预警与暴雨预警同时发布的段子刷爆朋友圈。而在阿坝州黑水县的打古冰山景区，却在7月迎来多场降雪。7月13日，黑水县公安局冰川派出所所长张晓平、民警张鹏和协警王伟挂念景区游客安危，一大早来到冰山景区，在景区开展治安巡逻执勤，接受游客询问，确保游客在冰山景区游玩安全。 L秒拍视频",否,,2017-07-13 14:19,4,4,10,三星GALAXY Note 4,https://weibo.com/5111239333/FcbQ0ew6h
57,转发微博,是,,2017-07-10 21:25,转发,评论,1,三星GALAXY Note 4,https://weibo.com/5111239333/FbMlv9Ox6
58,转发微博,是,我发表了头条文章:《驾被盗车游“雅克音乐季”，民警万辆车中慧眼锁定“黑雅阁”》 °驾被盗车游“雅克音乐季”，民警万辆车中慧眼锁...02022阿坝藏族羌族自治州・红原大草原 67676767,2017-07-10 17:25,转发,2,5,三星GALAXY Note 4,https://weibo.com/5111239333/FbKLUEYj7
59,转发微博,是,【坚守】音乐盛会在继续，交通警察在坚守！#红原大草原夏季雅克(YAK)音乐节##红原大草原夏季雅克音乐季# @阿坝公安 @四川公安 @新浪四川 2阿坝藏族羌族自治州・红原大草原 L秒拍视频 67676767,2017-07-10 17:02,1,评论,4,三星GALAXY Note 4,https://weibo.com/5111239333/FbKCIpjUh
60,转发微博,是,【中国警察凭模糊监控视频 为FBI绘制章莹颖案嫌犯画像】章莹颖失踪案发生后，中国模拟画像专家林宇辉凭一段模糊监控，熬了两天绘出嫌犯模拟人像，美国警察看后非常震惊佩服，林宇辉却说：“如果是自己家的孩子遇到这事儿呢？作为警察和同胞，一定想要为她做点什么。”O看不见视频中的人 中国警察却能为FBI绘制章莹... 67676767,2017-07-04 20:13,转发,评论,1,三星GALAXY Note 4,https://weibo.com/5111239333/FaRjkv2VM
61,【向党旗敬礼！阿坝特警茂县叠溪执勤分队开展战地党支部组织生活会】7月1日，阿坝州公安局特警支队茂县叠溪镇执勤分队开展党支部组织生活会，分队全体特警战地上向党旗敬礼，并重温入党誓词、入警誓词。 67676767,否,,2017-07-01 14:10,1,2,8,三星GALAXY Note 4,https://weibo.com/5111239333/FamEzwuLd
62,【视频记录阿坝公安茂县“6.24”山体高位垮塌应急救援纪实】 L秒拍视频 67676767,否,,2017-06-30 21:01,8,7,17,三星GALAXY Note 4,https://weibo.com/5111239333/FafUGs4zV
63,【新磨村之夜】 这是一个漆黑的夜晚没有一丝月光没有一颗星星松坪沟的风从山垭吹来绵绵的雨丝滋润着树林岷江哼着轻缓的吹眠曲羌寨民居响起均匀的鼾声只有月亮预知暗藏的危险悄悄地躲进了深山老林富贵山终于撑不住了凌晨五点多摔得老泪纵横就那么重重地一摔掩埋了沉醉在梦乡的新磨村这是一个漆黑的夜晚灯光和泪光上面点着几颗星星美好家园变成满眼废墟旅游驿道成了乱石荒坪望着层层叠叠的大石块一只白色的土狗哭湿了眼睛亲人来了，同胞来了还有民警、军人、专家、医生……都在竭尽全力搜救共同找寻飘逝的灵魂活着的人要活得红红火火废墟之上，有人唱起悲壮的歌声（曾得均）,否,,2017-06-27 11:33,39,8,21,三星GALAXY Note 4,https://weibo.com/5111239333/F9JURo5eo
64,【群众自发向执勤特警赠送食品】时间在6月25日下午，警民团结一条心。致敬，既是向特警，也是向人民 L秒拍视频 67676767,否,,2017-06-25 22:44,4,2,8,三星GALAXY Note 4,https://weibo.com/5111239333/F9vsi45NU
65,【8名亲人失联已确认4人遇难 阿坝特警强忍悲痛坚守救援现场】02020202高猛正经历着他人生中最为煎熬的时刻。在6月24日的这场山体垮塌中，他的8名亲人失去联系，他曾一度抱有希望，然而随着现场救援消息的传来，这种希望渐渐走向了绝望，目前救援队搜救出来的多具遇难遗体中，有4具都是他的亲人。02020202然而，面对亲人的遇难，同时作为阿坝县特警一大队的一名救援特警，高猛还得强忍悲痛，忙碌在救灾一线。从24日下午抵达现场后就一直工作到现在。正执行任务，新闻里传来老家垮塌消息0202020224日一早，正在阿坝县当地执行任务的高猛被领导叫住，“你看看新闻，你们村那边遭埋了”，“不会吧！”高猛心里一惊，他赶忙掏出了手机，浏览着各大媒体不断发出的消息，“遭了，我几个舅舅舅妈，还有外婆都在那里啊。”02020202那一刻，高猛完全懵了。他尝试着给父母以及舅舅、舅妈、大娘取得联系，但电话拨了几遍都没有一个能接通。“如果真的都出事了咋办。”随即，他向领导请了假，希望能够赶回家查看详情，尽管一次次的告诉自己“不会有事的”，但还是做好了最坏的打算。02020202正好，阿坝县特警二大队和四大队也接到了赶赴垮塌现场救援的消息，高猛便随车往回赶。一路上仍然不停往家拨电话，幸运的是，母亲的电话通了，“但她并没有给我说实情，直说应该没得啥事，让我不要慌。”0202020224日下午5点半，特警队的车辆抵达垮塌现场。而这时，随着各个救援队和社会救援车辆的进入，原本请假回家的他又再次走上了任务岗位，负责疏导现场的救援车辆，维持秩序。02020202028名亲人失联4人确认遇难，他依然强忍悲痛坚持现场02020202电话里家人的“不会有事”曾让高猛悬着的心稍稍放了下来。他还一度抱有希望，“电话只是暂时没人接”。然而，真正到达现场后，他才发现，这种希望已经非常渺茫，“整个村子比原来高出了十几米，全是泥土、沙砾，一块块的石头”。0202020202随着救援现场一具具遗体被发现，高猛的希望更是一步步减弱。24日下午，救援人员发现最早的两具遗体，正是高猛的亲人，“是我二舅和二舅妈。”“一开始还不信，但去现场一看，就是他们，唉……”02020202高猛介绍，自己的家在新磨村的隔壁，因为3个舅舅和外婆、大娘都住在新磨村，自己从小就经常在新磨村生活，“长期居住都有6年”。而在这次山体垮塌中，3个舅舅个3个舅妈以及外婆、大娘等8个人都失去了联系。目前，随着遇难者遗体被发现，已确认的多具遇难遗体中，有4名都是自己的亲人，“除了二舅和二舅妈，还有三舅和三舅妈。”0202020225日上午，在垮塌现场的高猛，一旦有遇难人员被发现，他都会前去查看，看是否能够找到亲人，“当然，希望一直都不要看到他们，我要的是他们能够给我回电话。”02020202尽管亲人遇难，但目前高猛仍然强忍悲痛坚守在现场，保障着现场救援的秩序。“保障救援就是对亲人最好的祈祷。”（杜玉全）,否,,2017-06-25 19:39,转发,1,5,三星GALAXY Note 4,https://weibo.com/5111239333/F9ueZzltH
66,转发微博,是,#四川叠溪镇发生山体垮塌# 【轮换休息席地而睡！灾难面前不眠的是闪耀的警徽】救援已超过29小时，在交通中断的道路上、在山体滑坡的险情前、在被困群众的救援中……藏蓝的警服，闪耀的警徽，最安心的守护！辛苦了 67676767,2017-06-25 15:39,1,2,5,三星GALAXY Note 4,https://weibo.com/5111239333/F9sFz4YuG
67,转发微博,是,【多名亲人失联他们坚守在岗他们说保障救援就是对亲人最好的祈祷】他们是谁？或许你叫不出名字，他们眼眶红润却咬牙坚守，挺住我的兄弟！新磨加油！战友们加油！ 67676767,2017-06-25 15:39,转发,评论,1,三星GALAXY Note 4,https://weibo.com/5111239333/F9sFunWZk
68,转发微博,是,【大灾面前有大爱祈福请安全有序】请自发前往县城广场祈福的广大群众，安全有序参与祈福活动。请通过该路段的车辆慢行避让行人服从现场民警指挥，自觉遵守秩序 67676767,2017-06-24 21:31,1,1,8,360安全浏览器,https://weibo.com/5111239333/F9ly0Cl5U
69,转发微博,是,【扩散请为生命让出通道】灾情发生后，各种车辆急增，灾区救援需大型机具前往，再次呼吁请非救援车辆不要占道，尽量靠右行驶，不要超车。遇车辆堵塞，积极配合交警指挥，有序通行，以便救援车辆及时到达现场增援施救。请为生命让行！99 67676767,2017-06-24 20:30,转发,评论,4,360安全浏览器,https://weibo.com/5111239333/F9l9grEGX
70,转发微博,是,【转发！请为生命让出一条通道】#四川阿坝山体垮塌# 发生后，各种车辆急增，去往灾区必经的叠溪隧道、茂县松坪沟等路严重堵塞。吁请非救援车辆不要超车占道，尽量靠右行驶，不要超车。遇车辆堵塞，要配合交警与当地指挥，有序通行，以便救援车辆及时到达救援现场。扩散，请为生命让行！ 67676767,2017-06-24 18:58,1,评论,3,360安全浏览器,https://weibo.com/5111239333/F9kxVArGR
71,转发微博,是,【请叠溪镇新磨村外出村民报个平安】目前，茂县公安局后方警员正通过“一标三实”核实叠溪镇新磨村人员情况，请外出人员报个平安。联系电话0837-7428484999999 67676767,2017-06-24 17:46,1,评论,7,360安全浏览器,https://weibo.com/5111239333/F9k4u2SYT
72,转发微博,是,【通往救灾现场实施交通管制】目前，通往救援现场实施临时交通管制，松潘至茂县方向实施管制，茂县县城至叠溪方向单向放行通过（限政府救援车辆通过），请社会救援力量与茂县应急办联系：08377426889，手机：18909045395、18161373567。请社会车辆绕行，路线：汶川-理县-马尔康-若尔盖 67676767...展开全文c,2017-06-24 17:12,1,评论,4,360安全浏览器,https://weibo.com/5111239333/F9jQMbnOx
73,"【阿坝公安第一时间赶赴茂县叠溪镇山体垮塌救援】020202020202茂县叠溪镇新磨村山体垮塌事件发生后，阿坝州公安局高度重视，截止2017年6月24日13时，州公安局已派出救援人员123人。其中:特警70人，州消防33人，相关警种20人。派出卫星保障车1台，通信指挥车1台，无人机1架。020202020202茂县公安局组织200余名民警辅警现场施救,相邻县公安局已集结待命，做好了赶赴现场准备。公安交警部门全员上路，汶川、理县、松潘、马尔康、黑水、若尔盖等地对车辆实施远端分流和管控，确保实施救援机械、车辆、队伍畅通无阻。020202020202副州长、州公安局局长刘波涛已到达一线指挥救援工作。",否,,2017-06-24 16:50,7,15,31,360安全浏览器,https://weibo.com/5111239333/F9jHXeR0b
74,转发微博,是,为确保救援车辆第一时间到达救援现场，现对货运车辆进行交通管制：现场除救援车辆以外，禁止社会车辆进入，请所有货运车辆（救援车辆除外）禁止驶入茂县境内，管制时间从即日起至7月5日。货运车辆绕行路线：汶川-理县-马尔康西洞口-红原-若尔盖。请扩散周知@阿坝公安020267676767...展开全文c,2017-06-24 14:53,2,1,4,三星GALAXY Note 4,https://weibo.com/5111239333/F9iWC6eHo
75,转发微博,是,【争分夺秒！阿坝公安全力确保生命通道畅通】#四川叠溪镇发生山体垮塌#发生后，阿坝州公安局交警支队立即抽调应急救援小组赶赴救援现场，对当地交通进行疏导，并安排警力在通往现场的路口进行交通管制，禁止货运车辆（除救援车辆以外）和社会车辆进入茂县现场。在汶川、松潘、黑水设置远端分流管制 67676767...展开全文c,2017-06-24 13:41,转发,评论,1,三星GALAXY Note 4,https://weibo.com/5111239333/F9itf0fLU
76,转发微博,是,【男子不愿分手挟持女友开车狂奔 民警开枪打爆车胎】成都一男子因怀疑女友移情别恋，于19日上午持刀挟持女友后驾车往阿坝方向的草原地区狂奔。接到协查函后，@阿坝公安 各地迅速启动应急预案机制，组织精干警力拦截，最终松潘县公安局民警开枪打爆嫌疑男子车轮胎，并成功将其抓获，人质得以安全解救。 67676767,2017-06-21 18:34,1,评论,7,三星GALAXY Note 4,https://weibo.com/5111239333/F8S6Oo23p
77,转发微博,是,【民警卡住销赃通道67“咽喉” 拦下166辆盗抢车】阿坝州理县公安局米亚罗检查站位于国道317线，因地处偏僻且是咽喉要道，盗抢汽车犯罪嫌疑人多凌晨经此路。@阿坝公安 米亚罗检查站的民警都是16小时轮班，白天保畅通，夜里查赃车。从2016年来，检查站成功拦截被盗抢车辆166台，抓获嫌疑人17人。 67676767...展开全文c,2017-06-20 15:38,转发,5,19,三星GALAXY Note 4,https://weibo.com/5111239333/F8Hwxtoyy
78,转发微博,是,28金川到马尔康路通了 20今日下午，因洪水导致交通中断的国道317线马尔康白湾段及国道248线金川集沐段，经公路部门全力抢险，已恢复通行。@阿坝微博 @阿坝公安 @阿坝公安交警 67676767,2017-06-16 16:03,2,1,18,三星GALAXY Note 4,https://weibo.com/5111239333/F85Z3zz5F
79,我有一壶酒，足已慰风尘。 警中有禁令，未敢常沾唇。 赤心战魍魉，年损四百人。 巍巍烈士陵，一日一新坟。可知儿尚小，闺中未亡人。浩然天地气，千古英雄魂！@陈士渠 676767 67676767,否,,2017-06-15 13:30,转发,3,25,三星GALAXY Note 4,https://weibo.com/5111239333/F7Vyo468w
80,转发微博,是,天之大，唯有您的爱是完美无瑕。在“我”很小很小的时候，“我”总是陪爸爸上班，有时会在警车里进入梦乡，睁开眼，父亲总是默默无语看着“我”微笑。@阿坝公安@@阿坝微博 @阿坝身边事 @中国警察网 @中国长安网 @四川 公安 67676767,2017-06-15 13:03,1,评论,23,三星GALAXY Note 4,https://weibo.com/5111239333/F7VnwCgAW
81,【视频直击金川县公安局民警雨夜营救醉酒轻生男子】6月11日22时许，一男子醉酒后跳入大渡河，被困急流。金川县公安局勒乌派出所民警紧急出动，一场雨夜警民携手救援就此展开…… L秒拍视频 67676767,否,,2017-06-14 17:03,1,评论,22,360安全浏览器,https://weibo.com/5111239333/F7NwhgZD5
82,违法必究！,是,发布了头条文章：《3名男子妨害公务被公安机关依法刑事拘留》 °3名男子妨害公务被公安机关依法刑事拘留 67676767,2017-06-12 13:27,转发,1,20,三星GALAXY Note 4,https://weibo.com/5111239333/F7tfK2SdA
83,转发微博,是,【两“驴友”登山迷路 警民联手冒雨14小时成功营救】6月9日20时50分，@茂县警方 南新派出所接群众报警称，“驴友”杜某、郭某与其在九顶山徒步穿越黑龙池走散后一直未找到。020202接到警情后，@茂县警方 迅速向南新派出所增派精干警力，并联系九顶山景区专业救援队以及当地熟悉地形的群众组成救援小组开 67676767...展开全文c,2017-06-12 13:10,转发,评论,19,三星GALAXY Note 4,https://weibo.com/5111239333/F7t8L9rdr
84,转发微博,是,瞧！古城夜色多美啊。！看一看手机里的娃娃，想想想远方的他（她），这是我的“美事”。@阿坝公安0202@阿坝身边事0202@四川公安 2阿坝藏族羌族自治州・松潘古城 67676767,2017-06-11 12:01,转发,评论,16,三星GALAXY Note 4,https://weibo.com/5111239333/F7jgbdrXH
85,【国道317线理县狮子坪水库绕坝路路基塌陷，车辆需绕行】6月11日8时许，国道317线理县狮子坪水库绕坝路路基塌陷，造成交通中断，目前，正在全力抢修，预计今日20：00时可以通车，所有前往马尔康方向的车辆需绕行。建议绕行线路：成都-汶川-黑水-红原壤口镇-马尔康。 67676767,否,,2017-06-11 11:07,转发,9,10,三星GALAXY Note 4,https://weibo.com/5111239333/F7iUk609O
86,@阿坝那些事儿0202@阿坝身边事0202@成都商报0202@公安部打四黑除四害0202@华西都市报0202@江宁公安在线0202@人民网0202@四川公安0202@中国阿坝州发布,是,【若尔盖县40台出租车连续6年免费接送高考考生】#护航平安高考#6月7日上午，40辆出租车在交警指挥下整齐停放在若尔盖县中学大门。他们按照若尔盖县噶玛隆珠出租车公司安排，专门来到高考考场免费接送高考考生。为了确保免费接送活动顺利开展，若尔盖县公安局交警大队与出租车公司一起提前规划停车场地 67676767...展开全文c,2017-06-07 12:41,2,评论,18,三星GALAXY Note 4,https://weibo.com/5111239333/F6HOfBFto
87,【若尔盖县40台出租车连续6年免费接送高考考生】#护航平安高考#6月7日上午，40辆出租车在交警指挥下整齐停放在若尔盖县中学大门。他们按照若尔盖县噶玛隆珠出租车公司安排，专门来到高考考场免费接送高考考生。为了确保免费接送活动顺利开展，若尔盖县公安局交警大队与出租车公司一起提前规划停车场地、对出租车实施安全检测、对驾驶员进行安全教育、指挥出租车有序停放，全力为高考考生提供畅通无阻的交通环境。,否,,2017-06-07 12:38,12,12,52,三星GALAXY Note 4,https://weibo.com/5111239333/F6HNkzxWM
88,【阿坝州13个县（市）公安局齐祝学子考出好成绩】#护航平安高考# 67676767,否,,2017-06-07 09:46,2,2,25,三星GALAXY Note 4,https://weibo.com/5111239333/F6GFkoqXB
89,转发微博,是,【网红博主博眼球当街拍摄“斗殴”戏码 武侯警察出动全部拿下】5月12日晚10时许，武侯警方接群众报警：一环路某单向封闭施工的跨线桥上有一伙青年正在持械斗殴。警察蜀黍全副武装赶到现场，将十来名精壮男儿悉数拿下，现场收缴钢管数根。审查后才得知，原来系某直播APP网红拍摄“青春疼痛剧”，在场人 67676767...展开全文c,2017-06-06 13:03,转发,评论,10,三星GALAXY Note 4,https://weibo.com/5111239333/F6ywL0AHf
90,转发微博,是,【一位年轻刑警的心声】法律的红线不等同于儿戏，捣蛋孩子硬是要去触碰，请不要无视法律的存在;我们又何曾在乎过一两个假期不休息呢，我们在辛苦的同时，捣蛋孩子也意味着走的越远!人生没有后悔药，做事三思而后行，自己疯狂的同时，有没有想过家里的人。我们的决心是走遍天涯，踏破铁鞋都要找到你。020267676767...展开全文c,2017-06-01 20:22,转发,评论,7,三星GALAXY Note 4,https://weibo.com/5111239333/F5QgtrheA
91,转发微博,是,【民警历经12小时成功搜救深山采药迷路老人】5月31日 ， 一名绵阳籍老人到茂县凤仪镇水西村“三坪”（小地名）进山采药，不想却在山中迷了路。@茂县警方 于6月1日凌晨5时许，接到报警后立即组织救援，历时 12小时搜救， 成功将迷路老人救出。蜀黍在这儿提醒亲们：山中树林茂密，地势险峻、天气变化快， 67676767...展开全文c,2017-06-01 20:21,转发,评论,11,三星GALAXY Note 4,https://weibo.com/5111239333/F5QfZ3tdf
